Email,First Name,Last Name,Course IDs
briana.hughes@myscu.edu,Briana,Hughes,"DATA203, DATA218, DATA207"
maria.flowers@myscu.edu,Maria,Flowers,DATA203
madison.romero@myscu.edu,Madison,Romero,DATA215
catherine.estrada@myscu.edu,Catherine,Estrada,"DATA212, DATA201"
robert.paul@myscu.edu,Robert,Paul,DATA211
danielle.patel@myscu.edu,Danielle,Patel,"DATA212, DATA213"
ethan.webster@myscu.edu,Ethan,Webster,"DATA217, DATA211, DATA216"
samantha.fuller@myscu.edu,Samantha,Fuller,"DATA217, DATA216"
tiffany.taylor@myscu.edu,Tiffany,Taylor,"DATA219, DATA216, DATA210, DATA212"
cynthia.acevedo@myscu.edu,Cynthia,Acevedo,"DATA205, DATA213, DATA208"
andrew.adkins@myscu.edu,Andrew,Adkins,DATA217
linda.lane@myscu.edu,Linda,Lane,"DATA201, DATA217"
heather.collins@myscu.edu,Heather,Collins,"DATA205, DATA214, DATA209, DATA202"
joanna.morris@myscu.edu,Joanna,Morris,"DATA218, DATA203, DATA211, DATA212"
victoria.jones@myscu.edu,Victoria,Jones,DATA216
lance.bentley@myscu.edu,Lance,Bentley,"DATA201, DATA218, DATA207, DATA202"
sandra.casey@myscu.edu,Sandra,Casey,"DATA205, DATA210, DATA201, DATA212, DATA214"
russell.jefferson@myscu.edu,Russell,Jefferson,"DATA213, DATA207, DATA214"
margaret.gonzalez@myscu.edu,Margaret,Gonzalez,"DATA213, DATA214, DATA204, DATA212, DATA210"
christopher.martinez@myscu.edu,Christopher,Martinez,DATA217
sara.carlson@myscu.edu,Sara,Carlson,"DATA202, DATA210, DATA206, DATA217"
melissa.brown@myscu.edu,Melissa,Brown,"DATA207, DATA208, DATA205"
manuel.norris@myscu.edu,Manuel,Norris,"DATA205, DATA201, DATA213"
kimberly.solis@myscu.edu,Kimberly,Solis,DATA219
victor.lopez@myscu.edu,Victor,Lopez,"DATA210, DATA206"
sara.medina@myscu.edu,Sara,Medina,"DATA210, DATA213, DATA205, DATA215"
olivia.lynch@myscu.edu,Olivia,Lynch,"DATA202, DATA201"
james.weaver@myscu.edu,James,Weaver,DATA208
tiffany.walsh@myscu.edu,Tiffany,Walsh,DATA214
nicholas.rosario@myscu.edu,Nicholas,Rosario,DATA213
gary.park@myscu.edu,Gary,Park,"DATA206, DATA215, DATA203"
maria.green@myscu.edu,Maria,Green,"DATA214, DATA211, DATA205, DATA201"
raymond.irwin@myscu.edu,Raymond,Irwin,"DATA215, DATA203, DATA218"
katherine.atkinson@myscu.edu,Katherine,Atkinson,DATA219
matthew.perez@myscu.edu,Matthew,Perez,DATA203
richard.rodriguez@myscu.edu,Richard,Rodriguez,"DATA207, DATA203, DATA211, DATA212"
emily.dixon@myscu.edu,Emily,Dixon,"DATA207, DATA217, DATA211, DATA201"
julie.scott@myscu.edu,Julie,Scott,"DATA210, DATA216, DATA204, DATA208"
kaitlyn.thompson@myscu.edu,Kaitlyn,Thompson,"DATA208, DATA201, DATA210, DATA202"
lauren.mckinney@myscu.edu,Lauren,Mckinney,"DATA218, DATA217, DATA210"
olivia.cortez@myscu.edu,Olivia,Cortez,"DATA216, DATA203, DATA202, DATA201, DATA215"
steven.torres@myscu.edu,Steven,Torres,"DATA209, DATA212, DATA200, DATA204, DATA203"
sophia.hernandez@myscu.edu,Sophia,Hernandez,"DATA209, DATA218, DATA219"
rebecca.fleming@myscu.edu,Rebecca,Fleming,"DATA211, DATA213"
andrew.moreno@myscu.edu,Andrew,Moreno,"DATA205, DATA212, DATA211, DATA214"
jared.holden@myscu.edu,Jared,Holden,"DATA219, DATA218, DATA203"
sarah.lane@myscu.edu,Sarah,Lane,"DATA200, DATA216"
valerie.ramirez@myscu.edu,Valerie,Ramirez,"DATA200, DATA205, DATA215, DATA202, DATA203"
kyle.shelton@myscu.edu,Kyle,Shelton,DATA212
larry.roman@myscu.edu,Larry,Roman,"DATA212, DATA201, DATA216, DATA203, DATA207"
ronald.lewis@myscu.edu,Ronald,Lewis,"DATA212, DATA214, DATA216, DATA213, DATA201"
jill.stewart@myscu.edu,Jill,Stewart,"DATA201, DATA210, DATA212, DATA207, DATA215"
mary.norman@myscu.edu,Mary,Norman,DATA200
devon.mckinney@myscu.edu,Devon,Mckinney,"DATA215, DATA217, DATA209"
mike.edwards@myscu.edu,Mike,Edwards,"DATA207, DATA203, DATA216, DATA217, DATA205"
lisa.valdez@myscu.edu,Lisa,Valdez,DATA218
rhonda.sherman@myscu.edu,Rhonda,Sherman,"DATA202, DATA218, DATA210"
travis.hall@myscu.edu,Travis,Hall,"DATA215, DATA202, DATA205"
robert.cervantes@myscu.edu,Robert,Cervantes,"DATA213, DATA204, DATA201, DATA209"
kenneth.pierce@myscu.edu,Kenneth,Pierce,"DATA211, DATA219, DATA217, DATA216"
joe.carey@myscu.edu,Joe,Carey,"DATA217, DATA212"
christina.washington@myscu.edu,Christina,Washington,"DATA217, DATA216, DATA205, DATA214, DATA219"
tiffany.castro@myscu.edu,Tiffany,Castro,"DATA202, DATA200, DATA205"
jennifer.williams@myscu.edu,Jennifer,Williams,"DATA215, DATA206, DATA201, DATA218"
brandon.king@myscu.edu,Brandon,King,"DATA200, DATA212, DATA204, DATA201"
jonathan.fisher@myscu.edu,Jonathan,Fisher,"DATA216, DATA212"
marc.carroll@myscu.edu,Marc,Carroll,"DATA211, DATA218"
jeffrey.garcia@myscu.edu,Jeffrey,Garcia,"DATA209, DATA216"
jimmy.palmer@myscu.edu,Jimmy,Palmer,"DATA217, DATA206, DATA215"
catherine.jones@myscu.edu,Catherine,Jones,"DATA216, DATA209, DATA200"
paul.johnson@myscu.edu,Paul,Johnson,DATA215
victoria.brown@myscu.edu,Victoria,Brown,"DATA216, DATA213, DATA212, DATA215, DATA202"
amy.mccoy@myscu.edu,Amy,Mccoy,DATA203
robert.henderson@myscu.edu,Robert,Henderson,"DATA214, DATA215"
ryan.porter@myscu.edu,Ryan,Porter,"DATA217, DATA213, DATA215, DATA209"
dawn.walton@myscu.edu,Dawn,Walton,"DATA207, DATA210, DATA215, DATA203, DATA200"
sheri.sanford@myscu.edu,Sheri,Sanford,DATA204
rebecca.clark@myscu.edu,Rebecca,Clark,"DATA208, DATA215, DATA216"
gary.mccoy@myscu.edu,Gary,Mccoy,"DATA215, DATA216, DATA217, DATA204"
matthew.griffin@myscu.edu,Matthew,Griffin,"DATA211, DATA206"
cory.patterson@myscu.edu,Cory,Patterson,DATA200
john.butler@myscu.edu,John,Butler,DATA217
margaret.valenzuela@myscu.edu,Margaret,Valenzuela,"DATA205, DATA208, DATA219, DATA204, DATA206"
edward.lozano@myscu.edu,Edward,Lozano,"DATA206, DATA209, DATA205, DATA217, DATA202"
emily.hughes@myscu.edu,Emily,Hughes,"DATA216, DATA218"
amanda.thomas@myscu.edu,Amanda,Thomas,"DATA202, DATA204, DATA213, DATA208"
molly.martin@myscu.edu,Molly,Martin,"DATA219, DATA205"
rodney.austin@myscu.edu,Rodney,Austin,"DATA213, DATA211, DATA215, DATA218, DATA212"
courtney.black@myscu.edu,Courtney,Black,DATA200
david.smith@myscu.edu,David,Smith,"DATA218, DATA209, DATA204, DATA207"
kendra.patterson@myscu.edu,Kendra,Patterson,"DATA214, DATA213, DATA204, DATA211, DATA212"
john.johns@myscu.edu,John,Johns,"DATA215, DATA206, DATA216, DATA218"
zachary.miller@myscu.edu,Zachary,Miller,"DATA208, DATA204"
andrea.williams@myscu.edu,Andrea,Williams,"DATA204, DATA209"
paul.johnson@myscu.edu,Paul,Johnson,"DATA200, DATA205, DATA203"
paula.davies@myscu.edu,Paula,Davies,"DATA213, DATA210, DATA216"
calvin.taylor@myscu.edu,Calvin,Taylor,"DATA210, DATA209, DATA219"
steven.harris@myscu.edu,Steven,Harris,"DATA203, DATA204, DATA212, DATA218, DATA215"
mark.gay@myscu.edu,Mark,Gay,"DATA211, DATA217"
michael.rogers@myscu.edu,Michael,Rogers,"DATA203, DATA217, DATA218"
martin.hughes@myscu.edu,Martin,Hughes,"DATA211, DATA203, DATA209"
alexander.johnson@myscu.edu,Alexander,Johnson,"DATA213, DATA206"
james.rogers@myscu.edu,James,Rogers,"DATA217, DATA205, DATA218, DATA211"
emily.gilbert@myscu.edu,Emily,Gilbert,"DATA209, DATA219"
anthony.thomas@myscu.edu,Anthony,Thomas,"DATA205, DATA209, DATA212, DATA211, DATA207"
darryl.harris@myscu.edu,Darryl,Harris,"DATA211, DATA212, DATA204"
jennifer.harding@myscu.edu,Jennifer,Harding,"DATA209, DATA214, DATA219, DATA205, DATA211"
jesse.zamora@myscu.edu,Jesse,Zamora,DATA201
justin.love@myscu.edu,Justin,Love,"DATA208, DATA215, DATA217"
lisa.miller@myscu.edu,Lisa,Miller,"DATA212, DATA211, DATA216, DATA215"
christina.phillips@myscu.edu,Christina,Phillips,"DATA203, DATA211, DATA209, DATA218"
jason.reynolds@myscu.edu,Jason,Reynolds,"DATA208, DATA213, DATA211, DATA218"
louis.delgado@myscu.edu,Louis,Delgado,"DATA202, DATA212"
joshua.smith@myscu.edu,Joshua,Smith,"DATA214, DATA215, DATA219"
cheryl.bell@myscu.edu,Cheryl,Bell,DATA213
tyler.willis@myscu.edu,Tyler,Willis,"DATA203, DATA201, DATA202, DATA209, DATA204"
lauren.fry@myscu.edu,Lauren,Fry,"DATA203, DATA201, DATA219, DATA213"
robin.dean@myscu.edu,Robin,Dean,"DATA217, DATA200, DATA208"
nicholas.medina@myscu.edu,Nicholas,Medina,"DATA206, DATA203, DATA215, DATA211"
lisa.french@myscu.edu,Lisa,French,"DATA214, DATA201, DATA211, DATA209, DATA216"
barry.thomas@myscu.edu,Barry,Thomas,"DATA217, DATA210, DATA202, DATA215"
donald.woodward@myscu.edu,Donald,Woodward,"DATA211, DATA210, DATA213, DATA215"
steve.lee@myscu.edu,Steve,Lee,DATA205
joshua.cox@myscu.edu,Joshua,Cox,DATA201
kara.carroll@myscu.edu,Kara,Carroll,"DATA204, DATA207, DATA217, DATA201"
tara.odom@myscu.edu,Tara,Odom,"DATA211, DATA219, DATA207"
kevin.greene@myscu.edu,Kevin,Greene,"DATA206, DATA205, DATA201, DATA213, DATA212"
kelly.salazar@myscu.edu,Kelly,Salazar,"DATA213, DATA217, DATA211, DATA214"
david.williams@myscu.edu,David,Williams,"DATA210, DATA209, DATA207, DATA206"
jimmy.burns@myscu.edu,Jimmy,Burns,"DATA215, DATA209"
scott.taylor@myscu.edu,Scott,Taylor,DATA213
heather.miller@myscu.edu,Heather,Miller,"DATA204, DATA216, DATA213"
abigail.franklin@myscu.edu,Abigail,Franklin,"DATA213, DATA210, DATA204, DATA218, DATA203"
brian.garcia@myscu.edu,Brian,Garcia,"DATA200, DATA207"
rebecca.brown@myscu.edu,Rebecca,Brown,"DATA218, DATA206, DATA202"
elizabeth.evans@myscu.edu,Elizabeth,Evans,"DATA202, DATA219, DATA203"
jonathan.simpson@myscu.edu,Jonathan,Simpson,DATA200
scott.vega@myscu.edu,Scott,Vega,"DATA211, DATA201"
natalie.hess@myscu.edu,Natalie,Hess,DATA200
lisa.brown@myscu.edu,Lisa,Brown,"DATA202, DATA219, DATA200, DATA216, DATA217"
darren.moore@myscu.edu,Darren,Moore,"DATA216, DATA214"
gabriella.williams@myscu.edu,Gabriella,Williams,"DATA219, DATA201, DATA200, DATA207"
robert.miller@myscu.edu,Robert,Miller,"DATA218, DATA204, DATA209, DATA217"
kristin.jones@myscu.edu,Kristin,Jones,"DATA218, DATA215"
linda.jones@myscu.edu,Linda,Jones,"DATA201, DATA206, DATA217, DATA211, DATA204"
michael.cline@myscu.edu,Michael,Cline,"DATA207, DATA215, DATA202, DATA203, DATA212"
darlene.bailey@myscu.edu,Darlene,Bailey,DATA217
jessica.patel@myscu.edu,Jessica,Patel,"DATA207, DATA206, DATA217, DATA215"
tina.morris@myscu.edu,Tina,Morris,"DATA208, DATA214, DATA209, DATA216"
james.mckinney@myscu.edu,James,Mckinney,"DATA219, DATA200, DATA213, DATA207"
shannon.hammond@myscu.edu,Shannon,Hammond,"DATA210, DATA208, DATA218"
shelly.chapman@myscu.edu,Shelly,Chapman,"DATA206, DATA210"
douglas.collier@myscu.edu,Douglas,Collier,"DATA217, DATA203, DATA219"
brent.sanders@myscu.edu,Brent,Sanders,DATA205
david.thornton@myscu.edu,David,Thornton,DATA200
william.morales@myscu.edu,William,Morales,"DATA216, DATA213"
ariana.anderson@myscu.edu,Ariana,Anderson,"DATA219, DATA200, DATA211"
cheyenne.cruz@myscu.edu,Cheyenne,Cruz,"DATA208, DATA215, DATA205"
janet.wolfe@myscu.edu,Janet,Wolfe,"DATA215, DATA204, DATA210"
brian.pearson@myscu.edu,Brian,Pearson,"DATA219, DATA203"
keith.woods@myscu.edu,Keith,Woods,"DATA215, DATA210"
ryan.hanson@myscu.edu,Ryan,Hanson,"DATA210, DATA205, DATA209"
billy.castillo@myscu.edu,Billy,Castillo,DATA210
jessica.gutierrez@myscu.edu,Jessica,Gutierrez,DATA216
jennifer.poole@myscu.edu,Jennifer,Poole,DATA200
kelly.bowman@myscu.edu,Kelly,Bowman,"DATA215, DATA214"
adrian.watson@myscu.edu,Adrian,Watson,"DATA210, DATA216"
ryan.poole@myscu.edu,Ryan,Poole,DATA219
robert.dickerson@myscu.edu,Robert,Dickerson,"DATA215, DATA218, DATA200"
heather.brooks@myscu.edu,Heather,Brooks,"DATA200, DATA218, DATA209, DATA207, DATA202"
ruben.miller@myscu.edu,Ruben,Miller,"DATA205, DATA209, DATA211"
richard.pena@myscu.edu,Richard,Pena,"DATA215, DATA211, DATA216, DATA202"
martin.sanchez@myscu.edu,Martin,Sanchez,"DATA206, DATA215, DATA214, DATA208"
kevin.velasquez@myscu.edu,Kevin,Velasquez,"DATA210, DATA203, DATA215, DATA211"
andrea.cobb@myscu.edu,Andrea,Cobb,"DATA204, DATA206, DATA215, DATA218"
barry.taylor@myscu.edu,Barry,Taylor,"DATA203, DATA200"
courtney.berger@myscu.edu,Courtney,Berger,"DATA210, DATA219, DATA207, DATA206"
elizabeth.hall@myscu.edu,Elizabeth,Hall,"DATA201, DATA219, DATA203, DATA209"
robert.tran@myscu.edu,Robert,Tran,"DATA217, DATA216, DATA211, DATA206, DATA204"
stacey.chapman@myscu.edu,Stacey,Chapman,"DATA200, DATA205, DATA219"
karen.garza@myscu.edu,Karen,Garza,"DATA200, DATA215"
ebony.diaz@myscu.edu,Ebony,Diaz,"DATA204, DATA211, DATA219"
toni.wilson@myscu.edu,Toni,Wilson,"DATA216, DATA218"
bethany.garcia@myscu.edu,Bethany,Garcia,"DATA209, DATA206"
sean.santana@myscu.edu,Sean,Santana,"DATA208, DATA219"
angela.garcia@myscu.edu,Angela,Garcia,"DATA203, DATA201, DATA202"
blake.black@myscu.edu,Blake,Black,"DATA213, DATA207"
laura.brown@myscu.edu,Laura,Brown,"DATA208, DATA214, DATA207"
julian.hall@myscu.edu,Julian,Hall,"DATA207, DATA204, DATA214"
katherine.baker@myscu.edu,Katherine,Baker,"DATA212, DATA207, DATA205"
mckenzie.allen@myscu.edu,Mckenzie,Allen,DATA209
matthew.mcgrath@myscu.edu,Matthew,Mcgrath,"DATA209, DATA205, DATA203, DATA219"
barbara.richardson@myscu.edu,Barbara,Richardson,"DATA210, DATA218, DATA206"
timothy.garrett@myscu.edu,Timothy,Garrett,"DATA206, DATA213, DATA214"
hunter.horton@myscu.edu,Hunter,Horton,DATA218
matthew.miller@myscu.edu,Matthew,Miller,DATA202
robert.carroll@myscu.edu,Robert,Carroll,"DATA215, DATA214"
denise.burns@myscu.edu,Denise,Burns,"DATA215, DATA201"
kristi.crawford@myscu.edu,Kristi,Crawford,"DATA206, DATA207, DATA201, DATA205"
rachel.payne@myscu.edu,Rachel,Payne,"DATA217, DATA205"
kayla.gonzalez@myscu.edu,Kayla,Gonzalez,"DATA202, DATA204, DATA206, DATA212, DATA219"
patricia.cox@myscu.edu,Patricia,Cox,DATA208
nicholas.estrada@myscu.edu,Nicholas,Estrada,DATA201
jennifer.wilson@myscu.edu,Jennifer,Wilson,"DATA215, DATA213"
richard.whitehead@myscu.edu,Richard,Whitehead,"DATA211, DATA201"
scott.chan@myscu.edu,Scott,Chan,"DATA208, DATA206, DATA214"
matthew.flowers@myscu.edu,Matthew,Flowers,"DATA210, DATA201, DATA200, DATA209, DATA216"
katrina.jones@myscu.edu,Katrina,Jones,"DATA204, DATA210"
julie.boyle@myscu.edu,Julie,Boyle,"DATA202, DATA219, DATA205, DATA212"
holly.brown@myscu.edu,Holly,Brown,"DATA211, DATA216, DATA204"
mario.buck@myscu.edu,Mario,Buck,"DATA203, DATA204"
judy.weber@myscu.edu,Judy,Weber,"DATA202, DATA201"
shawn.reynolds@myscu.edu,Shawn,Reynolds,"DATA210, DATA208, DATA219, DATA209, DATA207"
david.rowland@myscu.edu,David,Rowland,"DATA209, DATA213, DATA210"
andre.lopez@myscu.edu,Andre,Lopez,"DATA215, DATA210"
ashley.huber@myscu.edu,Ashley,Huber,DATA215
joseph.mcintyre@myscu.edu,Joseph,Mcintyre,"DATA203, DATA207, DATA219, DATA206, DATA215"
colin.morgan@myscu.edu,Colin,Morgan,DATA211
cheryl.hensley@myscu.edu,Cheryl,Hensley,DATA211
marc.park@myscu.edu,Marc,Park,"DATA200, DATA212"
lonnie.murphy@myscu.edu,Lonnie,Murphy,"DATA213, DATA201, DATA209"
mary.espinoza@myscu.edu,Mary,Espinoza,"DATA214, DATA217, DATA212, DATA211"
timothy.taylor@myscu.edu,Timothy,Taylor,DATA218
jeremy.turner@myscu.edu,Jeremy,Turner,"DATA205, DATA212, DATA201"
alexander.bean@myscu.edu,Alexander,Bean,"DATA205, DATA215, DATA210, DATA203"
jennifer.dyer@myscu.edu,Jennifer,Dyer,"DATA214, DATA201"
natalie.jones@myscu.edu,Natalie,Jones,"DATA208, DATA218, DATA202"
michael.haynes@myscu.edu,Michael,Haynes,"DATA207, DATA217"
nathan.bolton@myscu.edu,Nathan,Bolton,"DATA205, DATA216"
jason.white@myscu.edu,Jason,White,"DATA213, DATA214, DATA200"
edwin.williams@myscu.edu,Edwin,Williams,"DATA206, DATA213"
elizabeth.crawford@myscu.edu,Elizabeth,Crawford,"DATA219, DATA205, DATA202, DATA212, DATA201"
anna.carrillo@myscu.edu,Anna,Carrillo,"DATA204, DATA214, DATA212, DATA210"
matthew.marquez@myscu.edu,Matthew,Marquez,"DATA211, DATA217, DATA213"
rebecca.drake@myscu.edu,Rebecca,Drake,DATA217
lauren.pope@myscu.edu,Lauren,Pope,"DATA208, DATA211, DATA217, DATA203, DATA209"
alexis.butler@myscu.edu,Alexis,Butler,"DATA210, DATA213, DATA202, DATA204"
brenda.huber@myscu.edu,Brenda,Huber,DATA204
crystal.wright@myscu.edu,Crystal,Wright,"DATA219, DATA202"
lee.mills@myscu.edu,Lee,Mills,"DATA214, DATA202, DATA211"
mark.allen@myscu.edu,Mark,Allen,"DATA211, DATA214"
thomas.rodriguez@myscu.edu,Thomas,Rodriguez,"DATA207, DATA216, DATA206, DATA219"
john.potter@myscu.edu,John,Potter,DATA201
stephanie.finley@myscu.edu,Stephanie,Finley,"DATA210, DATA213, DATA218, DATA209, DATA212"
tracy.ross@myscu.edu,Tracy,Ross,DATA204
richard.williams@myscu.edu,Richard,Williams,"DATA209, DATA219, DATA204"
john.lopez@myscu.edu,John,Lopez,"DATA216, DATA215, DATA209, DATA208, DATA205"
nicole.hill@myscu.edu,Nicole,Hill,"DATA216, DATA217, DATA219"
sarah.byrd@myscu.edu,Sarah,Byrd,"DATA200, DATA211, DATA215, DATA217, DATA201"
matthew.harmon@myscu.edu,Matthew,Harmon,"DATA218, DATA201, DATA208"
geoffrey.allen@myscu.edu,Geoffrey,Allen,"DATA209, DATA214, DATA208, DATA213"
monica.calhoun@myscu.edu,Monica,Calhoun,"DATA211, DATA217"
bradley.krause@myscu.edu,Bradley,Krause,"DATA213, DATA207, DATA203, DATA210"
billy.brown@myscu.edu,Billy,Brown,DATA213
holly.downs@myscu.edu,Holly,Downs,"DATA209, DATA216, DATA206"
margaret.nguyen@myscu.edu,Margaret,Nguyen,"DATA200, DATA208"
jeffrey.garza@myscu.edu,Jeffrey,Garza,"DATA201, DATA216, DATA203, DATA208"
rita.reid@myscu.edu,Rita,Reid,"DATA210, DATA206"
stephanie.lopez@myscu.edu,Stephanie,Lopez,"DATA210, DATA214, DATA211, DATA200"
jason.perry@myscu.edu,Jason,Perry,"DATA215, DATA202"
robert.watson@myscu.edu,Robert,Watson,"DATA216, DATA215, DATA211, DATA208"
mary.mann@myscu.edu,Mary,Mann,"DATA216, DATA204"
michael.gomez@myscu.edu,Michael,Gomez,"DATA204, DATA218, DATA203"
megan.chavez@myscu.edu,Megan,Chavez,"DATA211, DATA202, DATA218"
mary.young@myscu.edu,Mary,Young,"DATA209, DATA219, DATA200, DATA218, DATA208"
troy.woods@myscu.edu,Troy,Woods,"DATA205, DATA211, DATA216"
susan.lewis@myscu.edu,Susan,Lewis,"DATA215, DATA209"
richard.moreno@myscu.edu,Richard,Moreno,"DATA218, DATA217, DATA207"
april.robertson@myscu.edu,April,Robertson,DATA210
rachel.jensen@myscu.edu,Rachel,Jensen,"DATA205, DATA203, DATA200, DATA213"
ryan.irwin@myscu.edu,Ryan,Irwin,"DATA201, DATA219, DATA216"
omar.carr@myscu.edu,Omar,Carr,"DATA216, DATA201, DATA209, DATA214"
raymond.baker@myscu.edu,Raymond,Baker,DATA202
anthony.martinez@myscu.edu,Anthony,Martinez,"DATA218, DATA209, DATA213, DATA202"
patricia.williams@myscu.edu,Patricia,Williams,"DATA214, DATA201, DATA207, DATA216"
robert.stevens@myscu.edu,Robert,Stevens,DATA204
caleb.rodriguez@myscu.edu,Caleb,Rodriguez,"DATA216, DATA204, DATA205"
johnny.daniels@myscu.edu,Johnny,Daniels,"DATA210, DATA207"
blake.acevedo@myscu.edu,Blake,Acevedo,"DATA218, DATA205, DATA203, DATA204, DATA202"
johnny.harris@myscu.edu,Johnny,Harris,"DATA208, DATA213, DATA214, DATA204"
nicholas.hall@myscu.edu,Nicholas,Hall,"DATA210, DATA207"
danielle.lynch@myscu.edu,Danielle,Lynch,"DATA215, DATA202, DATA209, DATA201, DATA205"
stephen.simpson@myscu.edu,Stephen,Simpson,"DATA215, DATA218"
john.haynes@myscu.edu,John,Haynes,"DATA209, DATA203, DATA204, DATA218, DATA205"
daniel.davis@myscu.edu,Daniel,Davis,"DATA209, DATA217, DATA212"
elizabeth.frost@myscu.edu,Elizabeth,Frost,DATA215
manuel.perry@myscu.edu,Manuel,Perry,"DATA210, DATA214, DATA215"
sean.hawkins@myscu.edu,Sean,Hawkins,DATA205
sandra.chapman@myscu.edu,Sandra,Chapman,"DATA212, DATA218, DATA210"
brandon.walker@myscu.edu,Brandon,Walker,"DATA217, DATA205"
matthew.robertson@myscu.edu,Matthew,Robertson,"DATA208, DATA207, DATA203"
kevin.scott@myscu.edu,Kevin,Scott,DATA210
laura.ball@myscu.edu,Laura,Ball,"DATA201, DATA213"
michael.clark@myscu.edu,Michael,Clark,DATA202
allison.rivera@myscu.edu,Allison,Rivera,"DATA219, DATA210, DATA202, DATA217"
robert.collins@myscu.edu,Robert,Collins,DATA204
timothy.santana@myscu.edu,Timothy,Santana,"DATA203, DATA202, DATA207, DATA205, DATA209"
amber.wheeler@myscu.edu,Amber,Wheeler,"DATA214, DATA204, DATA211"
evan.george@myscu.edu,Evan,George,"DATA204, DATA209, DATA210"
andrea.ritter@myscu.edu,Andrea,Ritter,"DATA202, DATA217, DATA200, DATA203"
heather.fletcher@myscu.edu,Heather,Fletcher,"DATA204, DATA219, DATA215, DATA208"
erika.jones@myscu.edu,Erika,Jones,"DATA205, DATA202, DATA200"
sara.brown@myscu.edu,Sara,Brown,DATA206
gary.mcgee@myscu.edu,Gary,Mcgee,"DATA212, DATA215, DATA202, DATA210, DATA203"
monique.meyer@myscu.edu,Monique,Meyer,"DATA204, DATA211, DATA217, DATA206, DATA207"
vicki.jackson@myscu.edu,Vicki,Jackson,"DATA219, DATA204"
samuel.chambers@myscu.edu,Samuel,Chambers,DATA200
leslie.mccoy@myscu.edu,Leslie,Mccoy,DATA210
robert.phillips@myscu.edu,Robert,Phillips,"DATA207, DATA212"
jeffery.randall@myscu.edu,Jeffery,Randall,DATA207
brandy.bell@myscu.edu,Brandy,Bell,"DATA218, DATA204"
renee.williamson@myscu.edu,Renee,Williamson,"DATA205, DATA202"
kimberly.thompson@myscu.edu,Kimberly,Thompson,"DATA219, DATA201, DATA203, DATA207"
marissa.thomas@myscu.edu,Marissa,Thomas,"DATA206, DATA219, DATA212, DATA214, DATA205"
tiffany.bennett@myscu.edu,Tiffany,Bennett,"DATA204, DATA212, DATA215, DATA210, DATA200"
jenny.morse@myscu.edu,Jenny,Morse,"DATA209, DATA202"
kimberly.brandt@myscu.edu,Kimberly,Brandt,"DATA216, DATA201"
jeremy.ellison@myscu.edu,Jeremy,Ellison,DATA204
matthew.dunn@myscu.edu,Matthew,Dunn,DATA214
alicia.clarke@myscu.edu,Alicia,Clarke,"DATA205, DATA219"
daniel.chen@myscu.edu,Daniel,Chen,"DATA218, DATA205, DATA212"
charlene.moore@myscu.edu,Charlene,Moore,"DATA219, DATA216, DATA203, DATA207, DATA213"
brian.davis@myscu.edu,Brian,Davis,"DATA219, DATA216, DATA204"
adam.smith@myscu.edu,Adam,Smith,"DATA218, DATA203, DATA210, DATA213"
frank.bowers@myscu.edu,Frank,Bowers,"DATA210, DATA208, DATA206"
kaitlyn.potter@myscu.edu,Kaitlyn,Potter,"DATA219, DATA200"
megan.morrow@myscu.edu,Megan,Morrow,"DATA217, DATA218, DATA214, DATA201"
cynthia.murphy@myscu.edu,Cynthia,Murphy,"DATA201, DATA200, DATA215, DATA207, DATA211"
heather.scott@myscu.edu,Heather,Scott,"DATA209, DATA219, DATA207, DATA203, DATA205"
mathew.novak@myscu.edu,Mathew,Novak,"DATA218, DATA207"
sierra.dickerson@myscu.edu,Sierra,Dickerson,DATA211
amber.fox@myscu.edu,Amber,Fox,"DATA206, DATA209, DATA211"
jerry.snyder@myscu.edu,Jerry,Snyder,"DATA210, DATA201, DATA214, DATA204"
sherri.morris@myscu.edu,Sherri,Morris,"DATA207, DATA218, DATA206, DATA208"
heidi.ellis@myscu.edu,Heidi,Ellis,"DATA211, DATA219, DATA218"
kathleen.fitzpatrick@myscu.edu,Kathleen,Fitzpatrick,"DATA205, DATA217"
patricia.khan@myscu.edu,Patricia,Khan,DATA206
scott.tucker@myscu.edu,Scott,Tucker,"DATA209, DATA210"
andrew.perkins@myscu.edu,Andrew,Perkins,DATA218
anita.potter@myscu.edu,Anita,Potter,"DATA214, DATA205"
latoya.wilson@myscu.edu,Latoya,Wilson,"DATA211, DATA214, DATA218, DATA219"
lindsey.pineda@myscu.edu,Lindsey,Pineda,"DATA205, DATA207, DATA217"
valerie.wilson@myscu.edu,Valerie,Wilson,"DATA210, DATA215"
kyle.burch@myscu.edu,Kyle,Burch,DATA217
paul.woodward@myscu.edu,Paul,Woodward,DATA218
andrea.carter@myscu.edu,Andrea,Carter,"DATA216, DATA200, DATA206, DATA215, DATA203"
cody.harris@myscu.edu,Cody,Harris,"DATA204, DATA212, DATA201, DATA200"
sierra.rodriguez@myscu.edu,Sierra,Rodriguez,"DATA217, DATA210, DATA207, DATA205"
kevin.curtis@myscu.edu,Kevin,Curtis,"DATA219, DATA216, DATA206, DATA213"
andrew.fuller@myscu.edu,Andrew,Fuller,"DATA214, DATA216"
jeremy.atkins@myscu.edu,Jeremy,Atkins,"DATA213, DATA218, DATA202, DATA214, DATA203"
wayne.price@myscu.edu,Wayne,Price,"DATA207, DATA215, DATA209, DATA212"
lindsay.castillo@myscu.edu,Lindsay,Castillo,DATA213
debra.perry@myscu.edu,Debra,Perry,DATA208
cory.miller@myscu.edu,Cory,Miller,"DATA200, DATA217"
shane.stevenson@myscu.edu,Shane,Stevenson,"DATA217, DATA200, DATA202, DATA209, DATA219"
kaitlin.schwartz@myscu.edu,Kaitlin,Schwartz,"DATA200, DATA218"
adam.vaughn@myscu.edu,Adam,Vaughn,DATA212
hector.lutz@myscu.edu,Hector,Lutz,"DATA214, DATA206, DATA215"
jade.durham@myscu.edu,Jade,Durham,"DATA219, DATA209, DATA214"
joseph.pierce@myscu.edu,Joseph,Pierce,"DATA205, DATA201, DATA217, DATA212, DATA203"
justin.jones@myscu.edu,Justin,Jones,"DATA205, DATA207"
susan.harris@myscu.edu,Susan,Harris,"DATA215, DATA206, DATA202"
dawn.wilson@myscu.edu,Dawn,Wilson,DATA208
matthew.wilson@myscu.edu,Matthew,Wilson,"DATA200, DATA211, DATA212"
kelsey.myers@myscu.edu,Kelsey,Myers,"DATA203, DATA204"
crystal.richards@myscu.edu,Crystal,Richards,"DATA214, DATA203"
tracy.abbott@myscu.edu,Tracy,Abbott,DATA208
dean.dominguez@myscu.edu,Dean,Dominguez,"DATA211, DATA206, DATA200"
lisa.norris@myscu.edu,Lisa,Norris,"DATA211, DATA205, DATA217"
aaron.miller@myscu.edu,Aaron,Miller,"DATA213, DATA207"
nicole.ellis@myscu.edu,Nicole,Ellis,DATA207
angelica.jones@myscu.edu,Angelica,Jones,"DATA219, DATA206, DATA200, DATA212, DATA203"
zachary.mclaughlin@myscu.edu,Zachary,Mclaughlin,"DATA218, DATA216, DATA206"
justin.morrow@myscu.edu,Justin,Morrow,"DATA203, DATA205, DATA204, DATA210, DATA200"
corey.walker@myscu.edu,Corey,Walker,"DATA218, DATA208, DATA213"
sherri.hernandez@myscu.edu,Sherri,Hernandez,"DATA204, DATA215"
nathan.perkins@myscu.edu,Nathan,Perkins,"DATA214, DATA200, DATA218, DATA217"
ryan.armstrong@myscu.edu,Ryan,Armstrong,"DATA208, DATA218, DATA211, DATA217"
allison.ford@myscu.edu,Allison,Ford,"DATA219, DATA202"
joshua.harris@myscu.edu,Joshua,Harris,"DATA207, DATA206, DATA213, DATA203"
cindy.cunningham@myscu.edu,Cindy,Cunningham,"DATA218, DATA200"
james.martinez@myscu.edu,James,Martinez,DATA209
heidi.walker@myscu.edu,Heidi,Walker,"DATA210, DATA203, DATA209"
christina.nielsen@myscu.edu,Christina,Nielsen,"DATA211, DATA204, DATA209, DATA208"
latasha.taylor@myscu.edu,Latasha,Taylor,"DATA214, DATA218"
theresa.duncan@myscu.edu,Theresa,Duncan,DATA208
guy.mclean@myscu.edu,Guy,Mclean,"DATA215, DATA210, DATA205, DATA207"
dalton.flores@myscu.edu,Dalton,Flores,"DATA218, DATA201, DATA215, DATA209, DATA205"
pamela.johnson@myscu.edu,Pamela,Johnson,"DATA201, DATA204, DATA200"
teresa.davis@myscu.edu,Teresa,Davis,DATA216
wendy.mason@myscu.edu,Wendy,Mason,"DATA211, DATA205, DATA213, DATA200, DATA206"
rose.caldwell@myscu.edu,Rose,Caldwell,"DATA202, DATA214, DATA204, DATA207"
william.gibbs@myscu.edu,William,Gibbs,"DATA200, DATA206, DATA218"
ryan.johnson@myscu.edu,Ryan,Johnson,"DATA211, DATA212, DATA214, DATA219"
jessica.lewis@myscu.edu,Jessica,Lewis,"DATA200, DATA206"
chad.green@myscu.edu,Chad,Green,"DATA218, DATA212, DATA214"
caroline.ramirez@myscu.edu,Caroline,Ramirez,DATA200
claudia.walker@myscu.edu,Claudia,Walker,"DATA202, DATA213, DATA218, DATA210, DATA205"
samantha.wilkerson@myscu.edu,Samantha,Wilkerson,"DATA203, DATA219, DATA205, DATA210"
justin.rose@myscu.edu,Justin,Rose,"DATA202, DATA208, DATA214, DATA217, DATA215"
nancy.harrison@myscu.edu,Nancy,Harrison,DATA210
steve.jacobs@myscu.edu,Steve,Jacobs,"DATA201, DATA207"
lance.kelly@myscu.edu,Lance,Kelly,DATA216
claudia.smith@myscu.edu,Claudia,Smith,DATA213
edward.richardson@myscu.edu,Edward,Richardson,"DATA204, DATA211, DATA205, DATA217, DATA215"
cheryl.ochoa@myscu.edu,Cheryl,Ochoa,DATA203
leslie.klein@myscu.edu,Leslie,Klein,"DATA202, DATA209"
melissa.yu@myscu.edu,Melissa,Yu,"DATA200, DATA208, DATA216, DATA215"
joseph.davis@myscu.edu,Joseph,Davis,"DATA203, DATA213"
clifford.cooper@myscu.edu,Clifford,Cooper,"DATA211, DATA215, DATA214"
tonya.long@myscu.edu,Tonya,Long,"DATA205, DATA213, DATA200"
richard.cervantes@myscu.edu,Richard,Cervantes,"DATA200, DATA203"
chloe.garcia@myscu.edu,Chloe,Garcia,DATA214
phillip.norman@myscu.edu,Phillip,Norman,"DATA202, DATA206"
mark.johnson@myscu.edu,Mark,Johnson,"DATA202, DATA203"
jake.lewis@myscu.edu,Jake,Lewis,"DATA214, DATA200, DATA216, DATA204, DATA212"
linda.jones@myscu.edu,Linda,Jones,"DATA207, DATA208"
marcus.jones@myscu.edu,Marcus,Jones,"DATA206, DATA214, DATA204, DATA211, DATA219"
david.bates@myscu.edu,David,Bates,"DATA215, DATA208, DATA218"
christy.hill@myscu.edu,Christy,Hill,"DATA200, DATA213"
austin.smith@myscu.edu,Austin,Smith,"DATA204, DATA201"
sara.smith@myscu.edu,Sara,Smith,"DATA206, DATA211, DATA200, DATA212"
roy.ramirez@myscu.edu,Roy,Ramirez,"DATA219, DATA200, DATA215"
paul.king@myscu.edu,Paul,King,"DATA219, DATA213, DATA217"
christina.walls@myscu.edu,Christina,Walls,"DATA209, DATA217, DATA215"
karen.gallagher@myscu.edu,Karen,Gallagher,"DATA217, DATA215, DATA200"
victoria.romero@myscu.edu,Victoria,Romero,"DATA205, DATA219"
kathryn.morrison@myscu.edu,Kathryn,Morrison,"DATA204, DATA207"
brian.craig@myscu.edu,Brian,Craig,"DATA216, DATA210"
monica.lewis@myscu.edu,Monica,Lewis,"DATA213, DATA204, DATA214"
matthew.jones@myscu.edu,Matthew,Jones,"DATA217, DATA206"
matthew.wagner@myscu.edu,Matthew,Wagner,"DATA207, DATA205, DATA215"
joy.perry@myscu.edu,Joy,Perry,"DATA208, DATA207, DATA209"
brooke.walker@myscu.edu,Brooke,Walker,"DATA212, DATA200"
elaine.collins@myscu.edu,Elaine,Collins,"DATA214, DATA219"
sara.lewis@myscu.edu,Sara,Lewis,"DATA216, DATA206"
david.marks@myscu.edu,David,Marks,DATA200
tiffany.orr@myscu.edu,Tiffany,Orr,"DATA207, DATA219, DATA215, DATA214"
brian.benton@myscu.edu,Brian,Benton,"DATA201, DATA205, DATA200"
mark.young@myscu.edu,Mark,Young,"DATA206, DATA211, DATA210"
suzanne.reilly@myscu.edu,Suzanne,Reilly,DATA207
belinda.brady@myscu.edu,Belinda,Brady,"DATA214, DATA206, DATA213, DATA209, DATA201"
amanda.kirby@myscu.edu,Amanda,Kirby,DATA214
jacqueline.cisneros@myscu.edu,Jacqueline,Cisneros,DATA205
christina.taylor@myscu.edu,Christina,Taylor,"DATA203, DATA206, DATA217, DATA201"
edward.webb@myscu.edu,Edward,Webb,"DATA206, DATA208"
bobby.jones@myscu.edu,Bobby,Jones,"DATA209, DATA202, DATA200, DATA211, DATA203"
cody.riddle@myscu.edu,Cody,Riddle,DATA212
justin.meyer@myscu.edu,Justin,Meyer,"DATA212, DATA204, DATA206"
michael.burns@myscu.edu,Michael,Burns,"DATA204, DATA209, DATA211, DATA217"
rachel.joseph@myscu.edu,Rachel,Joseph,DATA215
jenny.gonzales@myscu.edu,Jenny,Gonzales,"DATA211, DATA204, DATA210, DATA212, DATA216"
perry.williamson@myscu.edu,Perry,Williamson,"DATA217, DATA218, DATA214, DATA200, DATA207"
tommy.harris@myscu.edu,Tommy,Harris,"DATA212, DATA216, DATA219"
brandon.smith@myscu.edu,Brandon,Smith,"DATA201, DATA211"
joseph.hamilton@myscu.edu,Joseph,Hamilton,"DATA203, DATA208, DATA219, DATA204"
nicole.matthews@myscu.edu,Nicole,Matthews,"DATA212, DATA216, DATA214, DATA208"
kendra.allen@myscu.edu,Kendra,Allen,"DATA209, DATA216"
christopher.castillo@myscu.edu,Christopher,Castillo,DATA207
james.adkins@myscu.edu,James,Adkins,"DATA212, DATA209, DATA215"
anthony.white@myscu.edu,Anthony,White,"DATA218, DATA209"
richard.graham@myscu.edu,Richard,Graham,"DATA217, DATA212, DATA215"
jesse.edwards@myscu.edu,Jesse,Edwards,"DATA210, DATA211, DATA200, DATA218, DATA204"
theresa.scott@myscu.edu,Theresa,Scott,"DATA219, DATA203, DATA202, DATA200"
ashley.obrien@myscu.edu,Ashley,Obrien,"DATA214, DATA206, DATA215, DATA210"
makayla.robinson@myscu.edu,Makayla,Robinson,DATA200
casey.duran@myscu.edu,Casey,Duran,"DATA209, DATA206"
jessica.ochoa@myscu.edu,Jessica,Ochoa,"DATA217, DATA203, DATA204"
jill.ross@myscu.edu,Jill,Ross,"DATA207, DATA210, DATA209, DATA205, DATA206"
theresa.reyes@myscu.edu,Theresa,Reyes,"DATA206, DATA208, DATA200, DATA203, DATA213"
patricia.pearson@myscu.edu,Patricia,Pearson,"DATA208, DATA215"
jessica.sherman@myscu.edu,Jessica,Sherman,DATA211
dylan.hall@myscu.edu,Dylan,Hall,DATA216
jeffery.mccoy@myscu.edu,Jeffery,Mccoy,"DATA217, DATA212, DATA219, DATA207, DATA209"
natasha.hall@myscu.edu,Natasha,Hall,DATA217
frank.richardson@myscu.edu,Frank,Richardson,DATA210
jessica.coleman@myscu.edu,Jessica,Coleman,"DATA203, DATA204, DATA219, DATA217"
steven.morrison@myscu.edu,Steven,Morrison,"DATA200, DATA212, DATA219"
jeremy.pierce@myscu.edu,Jeremy,Pierce,"DATA209, DATA212"
michael.walker@myscu.edu,Michael,Walker,DATA210
jeremy.davidson@myscu.edu,Jeremy,Davidson,"DATA217, DATA218, DATA204"
peggy.garrett@myscu.edu,Peggy,Garrett,"DATA211, DATA217, DATA202, DATA207"
tamara.webb@myscu.edu,Tamara,Webb,DATA202
julia.tyler@myscu.edu,Julia,Tyler,"DATA202, DATA219, DATA207"
larry.montgomery@myscu.edu,Larry,Montgomery,DATA200
rodney.hebert@myscu.edu,Rodney,Hebert,"DATA207, DATA214"
veronica.peterson@myscu.edu,Veronica,Peterson,"DATA216, DATA204"
robert.hernandez@myscu.edu,Robert,Hernandez,DATA201
sabrina.hammond@myscu.edu,Sabrina,Hammond,"DATA214, DATA218"
sarah.allen@myscu.edu,Sarah,Allen,"DATA210, DATA202, DATA207"
erik.rivera@myscu.edu,Erik,Rivera,"DATA209, DATA211, DATA219, DATA212"
sharon.castaneda@myscu.edu,Sharon,Castaneda,"DATA219, DATA216"
vanessa.smith@myscu.edu,Vanessa,Smith,"DATA203, DATA207, DATA211"
jennifer.morrow@myscu.edu,Jennifer,Morrow,"DATA219, DATA200, DATA210"
matthew.wood@myscu.edu,Matthew,Wood,"DATA209, DATA207"
francisco.elliott@myscu.edu,Francisco,Elliott,"DATA214, DATA210, DATA209"
timothy.wilson@myscu.edu,Timothy,Wilson,"DATA200, DATA203"
ryan.lloyd@myscu.edu,Ryan,Lloyd,"DATA210, DATA203, DATA208, DATA209, DATA205"
denise.morrison@myscu.edu,Denise,Morrison,DATA210
amy.burgess@myscu.edu,Amy,Burgess,"DATA217, DATA218, DATA213, DATA219, DATA208"
bruce.long@myscu.edu,Bruce,Long,"DATA212, DATA208, DATA211, DATA213"
jason.wagner@myscu.edu,Jason,Wagner,"DATA214, DATA210, DATA200, DATA205, DATA208"
kyle.tran@myscu.edu,Kyle,Tran,"DATA205, DATA210, DATA219"
sharon.velazquez@myscu.edu,Sharon,Velazquez,DATA213
april.hendrix@myscu.edu,April,Hendrix,"DATA215, DATA201"
veronica.weaver@myscu.edu,Veronica,Weaver,"DATA205, DATA218, DATA215, DATA204, DATA206"
robert.howell@myscu.edu,Robert,Howell,"DATA219, DATA208, DATA203"
rachael.jenkins@myscu.edu,Rachael,Jenkins,DATA213
morgan.gentry@myscu.edu,Morgan,Gentry,"DATA211, DATA216"
nicole.robles@myscu.edu,Nicole,Robles,"DATA202, DATA205, DATA215"
carolyn.roberts@myscu.edu,Carolyn,Roberts,"DATA207, DATA210"
eric.kramer@myscu.edu,Eric,Kramer,"DATA201, DATA200"
michele.robinson@myscu.edu,Michele,Robinson,DATA202
david.jones@myscu.edu,David,Jones,DATA200
william.farley@myscu.edu,William,Farley,"DATA209, DATA202, DATA211"
adrian.jackson@myscu.edu,Adrian,Jackson,"DATA203, DATA213, DATA209, DATA204"
laura.garcia@myscu.edu,Laura,Garcia,"DATA205, DATA219, DATA211, DATA213"
martha.fox@myscu.edu,Martha,Fox,"DATA200, DATA208, DATA205"
anne.mendoza@myscu.edu,Anne,Mendoza,"DATA208, DATA204, DATA202"
stephen.lowe@myscu.edu,Stephen,Lowe,DATA219
andrew.bennett@myscu.edu,Andrew,Bennett,"DATA213, DATA205, DATA201, DATA211, DATA203"
christopher.thomas@myscu.edu,Christopher,Thomas,DATA208
scott.morrison@myscu.edu,Scott,Morrison,"DATA216, DATA208, DATA215, DATA200"
dustin.knox@myscu.edu,Dustin,Knox,"DATA212, DATA211, DATA203, DATA210, DATA217"
benjamin.brooks@myscu.edu,Benjamin,Brooks,"DATA217, DATA208"
stephen.gilmore@myscu.edu,Stephen,Gilmore,"DATA211, DATA212, DATA208, DATA218, DATA209"
peter.ochoa@myscu.edu,Peter,Ochoa,"DATA214, DATA206"
james.nicholson@myscu.edu,James,Nicholson,"DATA217, DATA214, DATA203, DATA213"
amy.gates@myscu.edu,Amy,Gates,DATA218
cynthia.kennedy@myscu.edu,Cynthia,Kennedy,"DATA203, DATA205"
john.lopez@myscu.edu,John,Lopez,"DATA202, DATA218, DATA205, DATA209, DATA214"
holly.williams@myscu.edu,Holly,Williams,"DATA214, DATA200, DATA211"
lucas.love@myscu.edu,Lucas,Love,DATA207
brian.thomas@myscu.edu,Brian,Thomas,"DATA213, DATA214, DATA218, DATA208"
mark.wright@myscu.edu,Mark,Wright,"DATA210, DATA208, DATA219, DATA202, DATA216"
jennifer.wagner@myscu.edu,Jennifer,Wagner,"DATA207, DATA215"
joe.hall@myscu.edu,Joe,Hall,"DATA201, DATA200, DATA219, DATA212"
anthony.howard@myscu.edu,Anthony,Howard,"DATA216, DATA214, DATA209"
mary.wright@myscu.edu,Mary,Wright,DATA216
sherry.martin@myscu.edu,Sherry,Martin,DATA211
molly.dodson@myscu.edu,Molly,Dodson,"DATA214, DATA201, DATA212, DATA207, DATA215"
brenda.ewing@myscu.edu,Brenda,Ewing,"DATA219, DATA204, DATA205, DATA218"
rebecca.daniels@myscu.edu,Rebecca,Daniels,"DATA209, DATA208, DATA218, DATA214, DATA206"
dana.mendoza@myscu.edu,Dana,Mendoza,DATA211
ruben.combs@myscu.edu,Ruben,Combs,"DATA211, DATA218, DATA217, DATA214"
richard.martinez@myscu.edu,Richard,Martinez,DATA202
john.bennett@myscu.edu,John,Bennett,"DATA212, DATA206, DATA203"
james.ortega@myscu.edu,James,Ortega,DATA218
angela.randolph@myscu.edu,Angela,Randolph,"DATA211, DATA210, DATA204, DATA212"
david.ray@myscu.edu,David,Ray,"DATA218, DATA212, DATA201"
crystal.blake@myscu.edu,Crystal,Blake,"DATA210, DATA217, DATA215, DATA216"
angela.barrett@myscu.edu,Angela,Barrett,"DATA217, DATA203, DATA205"
glenn.hamilton@myscu.edu,Glenn,Hamilton,DATA218
katie.steele@myscu.edu,Katie,Steele,"DATA216, DATA204, DATA217, DATA206, DATA212"
robyn.doyle@myscu.edu,Robyn,Doyle,DATA214
anne.herman@myscu.edu,Anne,Herman,"DATA208, DATA201, DATA200, DATA210, DATA216"
crystal.burton@myscu.edu,Crystal,Burton,"DATA202, DATA210, DATA207, DATA203"
kenneth.paul@myscu.edu,Kenneth,Paul,"DATA206, DATA207, DATA205"
brenda.torres@myscu.edu,Brenda,Torres,"DATA200, DATA209, DATA212, DATA214"
peter.ramirez@myscu.edu,Peter,Ramirez,"DATA217, DATA200, DATA207, DATA204, DATA208"
robert.mooney@myscu.edu,Robert,Mooney,"DATA204, DATA202, DATA212"
lauren.andrews@myscu.edu,Lauren,Andrews,DATA209
tyler.lyons@myscu.edu,Tyler,Lyons,DATA214
sarah.gutierrez@myscu.edu,Sarah,Gutierrez,"DATA218, DATA208, DATA202"
michael.luna@myscu.edu,Michael,Luna,"DATA201, DATA202, DATA215"
walter.miller@myscu.edu,Walter,Miller,"DATA217, DATA215"
bruce.wagner@myscu.edu,Bruce,Wagner,"DATA216, DATA209, DATA202"
matthew.ballard@myscu.edu,Matthew,Ballard,DATA203
david.lee@myscu.edu,David,Lee,"DATA218, DATA216, DATA212, DATA213"
crystal.adams@myscu.edu,Crystal,Adams,"DATA204, DATA202, DATA211"
haley.walters@myscu.edu,Haley,Walters,"DATA206, DATA217, DATA218, DATA214, DATA216"
melody.orozco@myscu.edu,Melody,Orozco,DATA207
theresa.shelton@myscu.edu,Theresa,Shelton,"DATA217, DATA218, DATA203"
ryan.herring@myscu.edu,Ryan,Herring,"DATA211, DATA217, DATA216, DATA203, DATA202"
john.hinton@myscu.edu,John,Hinton,"DATA216, DATA213, DATA217, DATA207, DATA218"
candace.kelly@myscu.edu,Candace,Kelly,"DATA215, DATA214, DATA219, DATA213, DATA212"
alexa.williams@myscu.edu,Alexa,Williams,"DATA210, DATA205, DATA218"
joseph.johnson@myscu.edu,Joseph,Johnson,"DATA208, DATA218, DATA216, DATA210"
kyle.hernandez@myscu.edu,Kyle,Hernandez,"DATA218, DATA200, DATA210"
megan.abbott@myscu.edu,Megan,Abbott,"DATA219, DATA212, DATA203, DATA215, DATA218"
jennifer.buchanan@myscu.edu,Jennifer,Buchanan,"DATA212, DATA211, DATA203, DATA207"
shannon.rodgers@myscu.edu,Shannon,Rodgers,DATA215
jason.owens@myscu.edu,Jason,Owens,DATA210
robert.thomas@myscu.edu,Robert,Thomas,"DATA213, DATA212, DATA202, DATA207"
andrew.calhoun@myscu.edu,Andrew,Calhoun,"DATA207, DATA204"
hailey.jackson@myscu.edu,Hailey,Jackson,"DATA203, DATA205, DATA218, DATA217"
beth.ramirez@myscu.edu,Beth,Ramirez,DATA213
danielle.patton@myscu.edu,Danielle,Patton,"DATA202, DATA204, DATA207, DATA211"
kevin.combs@myscu.edu,Kevin,Combs,"DATA213, DATA206, DATA200, DATA205"
kayla.lane@myscu.edu,Kayla,Lane,"DATA203, DATA200"
catherine.mcbride@myscu.edu,Catherine,Mcbride,"DATA209, DATA219, DATA206, DATA202, DATA203"
timothy.larson@myscu.edu,Timothy,Larson,"DATA215, DATA217, DATA213, DATA202"
christine.snyder@myscu.edu,Christine,Snyder,DATA203
ronald.walton@myscu.edu,Ronald,Walton,DATA213
angel.bishop@myscu.edu,Angel,Bishop,"DATA214, DATA213, DATA210"
jessica.palmer@myscu.edu,Jessica,Palmer,"DATA205, DATA215, DATA214, DATA212"
joel.thomas@myscu.edu,Joel,Thomas,"DATA202, DATA213, DATA215"
linda.villanueva@myscu.edu,Linda,Villanueva,DATA211
james.ray@myscu.edu,James,Ray,"DATA209, DATA216, DATA213"
sabrina.armstrong@myscu.edu,Sabrina,Armstrong,"DATA218, DATA207, DATA219, DATA211"
laura.fisher@myscu.edu,Laura,Fisher,"DATA201, DATA202, DATA218"
bradley.navarro@myscu.edu,Bradley,Navarro,"DATA214, DATA209, DATA207"
robert.bowers@myscu.edu,Robert,Bowers,"DATA200, DATA201, DATA209"
michelle.aguilar@myscu.edu,Michelle,Aguilar,"DATA214, DATA219, DATA200"
nancy.jones@myscu.edu,Nancy,Jones,"DATA209, DATA218, DATA219, DATA205, DATA215"
william.burke@myscu.edu,William,Burke,"DATA206, DATA218, DATA204, DATA208, DATA205"
tyler.robinson@myscu.edu,Tyler,Robinson,DATA215
anthony.meyer@myscu.edu,Anthony,Meyer,"DATA205, DATA202, DATA203, DATA214, DATA215"
brian.edwards@myscu.edu,Brian,Edwards,DATA215
stacy.nelson@myscu.edu,Stacy,Nelson,"DATA210, DATA200, DATA202, DATA216"
vanessa.pace@myscu.edu,Vanessa,Pace,"DATA200, DATA212"
brett.morrison@myscu.edu,Brett,Morrison,"DATA204, DATA205"
david.herring@myscu.edu,David,Herring,"DATA213, DATA214"
tyrone.nichols@myscu.edu,Tyrone,Nichols,"DATA216, DATA209, DATA208, DATA219"
tyrone.parks@myscu.edu,Tyrone,Parks,DATA208
ryan.smith@myscu.edu,Ryan,Smith,DATA215
casey.king@myscu.edu,Casey,King,"DATA203, DATA207, DATA211"
yvonne.perez@myscu.edu,Yvonne,Perez,"DATA212, DATA206, DATA215, DATA204"
martin.cox@myscu.edu,Martin,Cox,"DATA212, DATA201, DATA215, DATA214, DATA200"
steven.nguyen@myscu.edu,Steven,Nguyen,DATA219
chelsea.taylor@myscu.edu,Chelsea,Taylor,"DATA213, DATA205, DATA201, DATA202"
kaitlyn.carrillo@myscu.edu,Kaitlyn,Carrillo,DATA217
allen.deleon@myscu.edu,Allen,Deleon,"DATA202, DATA210, DATA208, DATA203"
wayne.kennedy@myscu.edu,Wayne,Kennedy,"DATA204, DATA214, DATA216, DATA209"
anna.clarke@myscu.edu,Anna,Clarke,"DATA211, DATA210, DATA214, DATA204"
anna.jarvis@myscu.edu,Anna,Jarvis,"DATA216, DATA211"
ashley.smith@myscu.edu,Ashley,Smith,"DATA202, DATA219, DATA208, DATA209"
john.bryant@myscu.edu,John,Bryant,"DATA208, DATA210, DATA214, DATA212"
taylor.smith@myscu.edu,Taylor,Smith,DATA217
brenda.wong@myscu.edu,Brenda,Wong,DATA200
patricia.mays@myscu.edu,Patricia,Mays,"DATA214, DATA217, DATA216, DATA200"
kimberly.ryan@myscu.edu,Kimberly,Ryan,"DATA213, DATA200, DATA219, DATA210, DATA212"
kenneth.hensley@myscu.edu,Kenneth,Hensley,"DATA201, DATA204"
bruce.dominguez@myscu.edu,Bruce,Dominguez,DATA205
savannah.cunningham@myscu.edu,Savannah,Cunningham,"DATA219, DATA217"
stacey.howard@myscu.edu,Stacey,Howard,"DATA214, DATA215, DATA210"
barbara.sanchez@myscu.edu,Barbara,Sanchez,"DATA205, DATA201, DATA216, DATA209, DATA206"
david.branch@myscu.edu,David,Branch,"DATA208, DATA216, DATA212, DATA217, DATA209"
christopher.gould@myscu.edu,Christopher,Gould,DATA204
johnny.bennett@myscu.edu,Johnny,Bennett,"DATA211, DATA215, DATA205, DATA207"
monica.giles@myscu.edu,Monica,Giles,DATA213
john.walker@myscu.edu,John,Walker,"DATA207, DATA201, DATA209, DATA219, DATA216"
michael.thompson@myscu.edu,Michael,Thompson,"DATA219, DATA217, DATA216, DATA205"
frank.watson@myscu.edu,Frank,Watson,DATA200
henry.gutierrez@myscu.edu,Henry,Gutierrez,"DATA207, DATA217"
michael.mccoy@myscu.edu,Michael,Mccoy,"DATA217, DATA206"
judith.davis@myscu.edu,Judith,Davis,"DATA206, DATA218, DATA210"
donald.yang@myscu.edu,Donald,Yang,DATA202
lori.harris@myscu.edu,Lori,Harris,DATA213
bill.parker@myscu.edu,Bill,Parker,"DATA211, DATA209, DATA207, DATA203"
george.kerr@myscu.edu,George,Kerr,"DATA206, DATA217, DATA205, DATA212"
timothy.thomas@myscu.edu,Timothy,Thomas,"DATA208, DATA213, DATA201, DATA205, DATA204"
susan.evans@myscu.edu,Susan,Evans,"DATA205, DATA210, DATA218"
paul.obrien@myscu.edu,Paul,Obrien,"DATA201, DATA207, DATA202"
tony.griffith@myscu.edu,Tony,Griffith,"DATA217, DATA206, DATA216"
jason.smith@myscu.edu,Jason,Smith,"DATA211, DATA208"
michelle.fleming@myscu.edu,Michelle,Fleming,DATA204
julie.gardner@myscu.edu,Julie,Gardner,"DATA209, DATA214, DATA218, DATA213"
michael.bass@myscu.edu,Michael,Bass,"DATA216, DATA219"
kimberly.monroe@myscu.edu,Kimberly,Monroe,"DATA205, DATA209, DATA207, DATA212, DATA217"
katelyn.burke@myscu.edu,Katelyn,Burke,"DATA204, DATA200, DATA211, DATA213, DATA206"
stephanie.pham@myscu.edu,Stephanie,Pham,DATA219
mitchell.cunningham@myscu.edu,Mitchell,Cunningham,"DATA206, DATA203, DATA214"
pamela.ruiz@myscu.edu,Pamela,Ruiz,DATA213
hannah.reyes@myscu.edu,Hannah,Reyes,"DATA218, DATA217, DATA211, DATA202, DATA200"
jason.christian@myscu.edu,Jason,Christian,"DATA200, DATA219, DATA212, DATA213"
antonio.smith@myscu.edu,Antonio,Smith,DATA207
lynn.buchanan@myscu.edu,Lynn,Buchanan,"DATA207, DATA200, DATA218, DATA208"
monica.walker@myscu.edu,Monica,Walker,"DATA213, DATA216, DATA205, DATA217"
travis.cole@myscu.edu,Travis,Cole,"DATA207, DATA219, DATA211"
erica.wilson@myscu.edu,Erica,Wilson,"DATA210, DATA204"
dawn.wise@myscu.edu,Dawn,Wise,"DATA214, DATA207, DATA219, DATA202, DATA216"
katelyn.brown@myscu.edu,Katelyn,Brown,"DATA206, DATA217, DATA204, DATA200, DATA201"
brian.williams@myscu.edu,Brian,Williams,"DATA204, DATA202, DATA203"
emily.snow@myscu.edu,Emily,Snow,"DATA208, DATA218"
mary.friedman@myscu.edu,Mary,Friedman,"DATA218, DATA203, DATA210, DATA200, DATA219"
christopher.cole@myscu.edu,Christopher,Cole,DATA203
ryan.gonzalez@myscu.edu,Ryan,Gonzalez,DATA201
cheryl.martin@myscu.edu,Cheryl,Martin,"DATA219, DATA214, DATA201, DATA218"
kristy.mitchell@myscu.edu,Kristy,Mitchell,"DATA202, DATA211, DATA210, DATA209, DATA203"
laura.knight@myscu.edu,Laura,Knight,DATA205
william.davis@myscu.edu,William,Davis,"DATA206, DATA213, DATA212, DATA207"
patty.smith@myscu.edu,Patty,Smith,"DATA201, DATA206, DATA211, DATA200, DATA210"
frances.miller@myscu.edu,Frances,Miller,DATA203
vanessa.dunn@myscu.edu,Vanessa,Dunn,"DATA204, DATA214"
adam.dillon@myscu.edu,Adam,Dillon,"DATA209, DATA214"
maria.benson@myscu.edu,Maria,Benson,DATA214
alexander.martinez@myscu.edu,Alexander,Martinez,DATA206
mason.lambert@myscu.edu,Mason,Lambert,"DATA201, DATA202, DATA207"
nathan.miller@myscu.edu,Nathan,Miller,"DATA219, DATA207"
john.mcdonald@myscu.edu,John,Mcdonald,"DATA210, DATA206, DATA202"
eric.cordova@myscu.edu,Eric,Cordova,"DATA209, DATA204, DATA210, DATA217, DATA213"
alec.collins@myscu.edu,Alec,Collins,DATA212
john.dixon@myscu.edu,John,Dixon,DATA212
jessica.wilson@myscu.edu,Jessica,Wilson,"DATA200, DATA206, DATA205, DATA212, DATA213"
brian.morgan@myscu.edu,Brian,Morgan,"DATA200, DATA216, DATA215"
sarah.thomas@myscu.edu,Sarah,Thomas,DATA201
jeffrey.chang@myscu.edu,Jeffrey,Chang,DATA211
mary.greene@myscu.edu,Mary,Greene,"DATA203, DATA209, DATA214"
joseph.cole@myscu.edu,Joseph,Cole,"DATA213, DATA207, DATA204"
jessica.burke@myscu.edu,Jessica,Burke,DATA214
william.harrell@myscu.edu,William,Harrell,"DATA214, DATA201, DATA211, DATA219"
tracy.floyd@myscu.edu,Tracy,Floyd,"DATA201, DATA207, DATA208, DATA219"
robert.shaw@myscu.edu,Robert,Shaw,"DATA212, DATA205"
donald.davis@myscu.edu,Donald,Davis,"DATA218, DATA212, DATA216, DATA204, DATA208"
tracey.hall@myscu.edu,Tracey,Hall,"DATA219, DATA203"
christy.spence@myscu.edu,Christy,Spence,"DATA202, DATA214, DATA208, DATA201"
jacqueline.chandler@myscu.edu,Jacqueline,Chandler,DATA207
craig.fernandez@myscu.edu,Craig,Fernandez,"DATA208, DATA218, DATA211, DATA212, DATA210"
jacqueline.dunlap@myscu.edu,Jacqueline,Dunlap,"DATA201, DATA214, DATA205, DATA216"
benjamin.sparks@myscu.edu,Benjamin,Sparks,"DATA216, DATA213, DATA201"
sean.lee@myscu.edu,Sean,Lee,"DATA214, DATA204, DATA218"
alfred.cameron@myscu.edu,Alfred,Cameron,"DATA200, DATA205, DATA215"
jacob.roberts@myscu.edu,Jacob,Roberts,"DATA218, DATA201, DATA206, DATA207"
cameron.diaz@myscu.edu,Cameron,Diaz,"DATA203, DATA212, DATA204"
cameron.lozano@myscu.edu,Cameron,Lozano,"DATA203, DATA201, DATA212, DATA214, DATA216"
catherine.kirby@myscu.edu,Catherine,Kirby,"DATA205, DATA210, DATA216, DATA202, DATA208"
stephen.brown@myscu.edu,Stephen,Brown,"DATA204, DATA210, DATA216"
jacob.shepard@myscu.edu,Jacob,Shepard,"DATA200, DATA202, DATA211, DATA213"
james.turner@myscu.edu,James,Turner,"DATA200, DATA203"
erin.rodriguez@myscu.edu,Erin,Rodriguez,"DATA207, DATA218, DATA206"
ronald.valencia@myscu.edu,Ronald,Valencia,"DATA217, DATA201, DATA202, DATA212"
andrew.kelly@myscu.edu,Andrew,Kelly,"DATA216, DATA213"
alan.little@myscu.edu,Alan,Little,DATA210
christopher.williams@myscu.edu,Christopher,Williams,DATA211
amanda.davis@myscu.edu,Amanda,Davis,"DATA202, DATA212"
andrew.schwartz@myscu.edu,Andrew,Schwartz,DATA214
kelly.love@myscu.edu,Kelly,Love,"DATA215, DATA207, DATA200, DATA208"
wanda.newman@myscu.edu,Wanda,Newman,DATA210
alice.robinson@myscu.edu,Alice,Robinson,"DATA206, DATA208, DATA207, DATA205"
jason.allen@myscu.edu,Jason,Allen,"DATA208, DATA206"
daniel.harris@myscu.edu,Daniel,Harris,"DATA216, DATA211"
crystal.morgan@myscu.edu,Crystal,Morgan,"DATA212, DATA219, DATA206, DATA205, DATA214"
christopher.lozano@myscu.edu,Christopher,Lozano,"DATA203, DATA201"
timothy.le@myscu.edu,Timothy,Le,"DATA207, DATA206, DATA215, DATA218"
tracy.harris@myscu.edu,Tracy,Harris,"DATA216, DATA204, DATA218, DATA200, DATA207"
daniel.rodriguez@myscu.edu,Daniel,Rodriguez,"DATA212, DATA211, DATA207, DATA205"
larry.barron@myscu.edu,Larry,Barron,"DATA202, DATA208"
madison.bowers@myscu.edu,Madison,Bowers,"DATA205, DATA200, DATA212, DATA218"
brian.mcgee@myscu.edu,Brian,Mcgee,"DATA209, DATA202, DATA210"
christopher.greer@myscu.edu,Christopher,Greer,"DATA202, DATA214"
christina.lopez@myscu.edu,Christina,Lopez,"DATA216, DATA200"
dale.west@myscu.edu,Dale,West,DATA203
joseph.harris@myscu.edu,Joseph,Harris,"DATA201, DATA218"
megan.harris@myscu.edu,Megan,Harris,"DATA218, DATA202, DATA207"
felicia.simpson@myscu.edu,Felicia,Simpson,"DATA218, DATA205, DATA219"
anthony.davis@myscu.edu,Anthony,Davis,"DATA200, DATA209, DATA215"
shawn.sanchez@myscu.edu,Shawn,Sanchez,"DATA218, DATA210, DATA208, DATA219"
justin.brown@myscu.edu,Justin,Brown,DATA201
richard.gilmore@myscu.edu,Richard,Gilmore,"DATA216, DATA218"
patricia.shaw@myscu.edu,Patricia,Shaw,DATA205
lisa.garza@myscu.edu,Lisa,Garza,"DATA201, DATA214, DATA209, DATA217, DATA219"
paul.martin@myscu.edu,Paul,Martin,"DATA207, DATA210, DATA203"
joshua.ware@myscu.edu,Joshua,Ware,"DATA209, DATA202, DATA212"
adam.weiss@myscu.edu,Adam,Weiss,DATA205
kaitlin.martinez@myscu.edu,Kaitlin,Martinez,"DATA211, DATA209, DATA218, DATA219, DATA216"
andrea.andrews@myscu.edu,Andrea,Andrews,"DATA218, DATA202, DATA201"
whitney.wood@myscu.edu,Whitney,Wood,"DATA211, DATA210, DATA202"
bradley.brown@myscu.edu,Bradley,Brown,DATA212
erin.torres@myscu.edu,Erin,Torres,DATA200
kelly.lopez@myscu.edu,Kelly,Lopez,"DATA214, DATA212, DATA215, DATA200"
steven.white@myscu.edu,Steven,White,"DATA209, DATA204"
catherine.smith@myscu.edu,Catherine,Smith,"DATA216, DATA212, DATA203, DATA204, DATA208"
heidi.valenzuela@myscu.edu,Heidi,Valenzuela,DATA218
alan.perry@myscu.edu,Alan,Perry,"DATA200, DATA205, DATA206"
jessica.wu@myscu.edu,Jessica,Wu,"DATA216, DATA202, DATA217"
kevin.marquez@myscu.edu,Kevin,Marquez,"DATA217, DATA219, DATA205"
kimberly.huff@myscu.edu,Kimberly,Huff,"DATA204, DATA213, DATA208"
brittany.jones@myscu.edu,Brittany,Jones,"DATA200, DATA205, DATA212"
steven.lambert@myscu.edu,Steven,Lambert,"DATA217, DATA200"
becky.harrington@myscu.edu,Becky,Harrington,"DATA208, DATA203, DATA205, DATA214"
crystal.buck@myscu.edu,Crystal,Buck,"DATA213, DATA204, DATA203"
kathryn.underwood@myscu.edu,Kathryn,Underwood,"DATA210, DATA215, DATA211"
jeffery.bradford@myscu.edu,Jeffery,Bradford,"DATA214, DATA207"
jacob.velasquez@myscu.edu,Jacob,Velasquez,DATA204
henry.proctor@myscu.edu,Henry,Proctor,DATA209
alejandro.watts@myscu.edu,Alejandro,Watts,DATA205
wendy.stephenson@myscu.edu,Wendy,Stephenson,"DATA204, DATA200, DATA212, DATA214"
victoria.vasquez@myscu.edu,Victoria,Vasquez,"DATA219, DATA211"
marc.johnson@myscu.edu,Marc,Johnson,"DATA217, DATA210"
melissa.marshall@myscu.edu,Melissa,Marshall,"DATA208, DATA206, DATA213, DATA202"
daniel.deleon@myscu.edu,Daniel,Deleon,"DATA217, DATA206, DATA218, DATA202, DATA216"
madeline.robinson@myscu.edu,Madeline,Robinson,"DATA212, DATA210"
benjamin.mitchell@myscu.edu,Benjamin,Mitchell,DATA210
ashley.smith@myscu.edu,Ashley,Smith,DATA205
michael.cox@myscu.edu,Michael,Cox,DATA219
craig.schneider@myscu.edu,Craig,Schneider,"DATA219, DATA211, DATA212, DATA204, DATA202"
travis.santiago@myscu.edu,Travis,Santiago,"DATA201, DATA214, DATA218, DATA215, DATA203"
steven.garcia@myscu.edu,Steven,Garcia,"DATA215, DATA205, DATA213, DATA202"
kristen.mack@myscu.edu,Kristen,Mack,"DATA200, DATA201"
tony.matthews@myscu.edu,Tony,Matthews,"DATA209, DATA203, DATA206, DATA216"
matthew.smith@myscu.edu,Matthew,Smith,"DATA208, DATA203, DATA211, DATA206"
david.hanson@myscu.edu,David,Hanson,"DATA209, DATA204"
michele.pena@myscu.edu,Michele,Pena,DATA215
zachary.thomas@myscu.edu,Zachary,Thomas,"DATA203, DATA204"
joshua.cohen@myscu.edu,Joshua,Cohen,"DATA214, DATA212"
katherine.carlson@myscu.edu,Katherine,Carlson,DATA214
mary.frederick@myscu.edu,Mary,Frederick,DATA212
angie.nielsen@myscu.edu,Angie,Nielsen,"DATA219, DATA211, DATA213, DATA209"
eric.robinson@myscu.edu,Eric,Robinson,"DATA218, DATA219, DATA209, DATA206, DATA203"
samantha.thompson@myscu.edu,Samantha,Thompson,DATA215
michelle.thompson@myscu.edu,Michelle,Thompson,DATA204
tyler.fernandez@myscu.edu,Tyler,Fernandez,DATA214
casey.brown@myscu.edu,Casey,Brown,"DATA200, DATA215, DATA208"
bobby.chapman@myscu.edu,Bobby,Chapman,"DATA209, DATA213, DATA217"
haley.erickson@myscu.edu,Haley,Erickson,DATA219
joseph.davis@myscu.edu,Joseph,Davis,"DATA200, DATA214, DATA212, DATA211, DATA204"
timothy.simpson@myscu.edu,Timothy,Simpson,"DATA209, DATA203"
samantha.davis@myscu.edu,Samantha,Davis,"DATA213, DATA218"
mark.perkins@myscu.edu,Mark,Perkins,"DATA218, DATA216"
wendy.fowler@myscu.edu,Wendy,Fowler,DATA206
sylvia.phillips@myscu.edu,Sylvia,Phillips,"DATA213, DATA201, DATA210"
robert.smith@myscu.edu,Robert,Smith,"DATA217, DATA218, DATA200"
ethan.sanders@myscu.edu,Ethan,Sanders,"DATA205, DATA210, DATA213, DATA208, DATA214"
michael.conrad@myscu.edu,Michael,Conrad,"DATA219, DATA211, DATA207, DATA217, DATA215"
courtney.barry@myscu.edu,Courtney,Barry,"DATA213, DATA202, DATA205"
jerry.jacobson@myscu.edu,Jerry,Jacobson,DATA203
sarah.ayers@myscu.edu,Sarah,Ayers,"DATA202, DATA208, DATA200, DATA215, DATA206"
zachary.hinton@myscu.edu,Zachary,Hinton,"DATA214, DATA206, DATA203"
lawrence.sparks@myscu.edu,Lawrence,Sparks,"DATA216, DATA207"
adam.snyder@myscu.edu,Adam,Snyder,DATA201
christopher.ramirez@myscu.edu,Christopher,Ramirez,"DATA210, DATA213, DATA216"
bobby.carr@myscu.edu,Bobby,Carr,"DATA214, DATA205, DATA211, DATA218, DATA200"
jeremy.turner@myscu.edu,Jeremy,Turner,DATA213
isaac.mclaughlin@myscu.edu,Isaac,Mclaughlin,"DATA218, DATA212, DATA216, DATA210, DATA215"
jerry.goodwin@myscu.edu,Jerry,Goodwin,"DATA204, DATA217, DATA219"
misty.peterson@myscu.edu,Misty,Peterson,"DATA200, DATA201"
ann.hurst@myscu.edu,Ann,Hurst,"DATA201, DATA207, DATA219"
ronald.warren@myscu.edu,Ronald,Warren,"DATA213, DATA205, DATA206, DATA216, DATA203"
chad.mcgrath@myscu.edu,Chad,Mcgrath,"DATA203, DATA208, DATA219"
tiffany.obrien@myscu.edu,Tiffany,Obrien,DATA206
michelle.gray@myscu.edu,Michelle,Gray,"DATA201, DATA218, DATA216, DATA210, DATA211"
maria.luna@myscu.edu,Maria,Luna,DATA203
kevin.smith@myscu.edu,Kevin,Smith,"DATA211, DATA213, DATA203, DATA206, DATA210"
randy.griffin@myscu.edu,Randy,Griffin,"DATA209, DATA215, DATA201"
john.hall@myscu.edu,John,Hall,"DATA217, DATA200, DATA212, DATA219, DATA207"
robert.miller@myscu.edu,Robert,Miller,"DATA216, DATA201"
james.guzman@myscu.edu,James,Guzman,"DATA215, DATA202, DATA200"
elizabeth.farmer@myscu.edu,Elizabeth,Farmer,"DATA205, DATA219"
michael.munoz@myscu.edu,Michael,Munoz,"DATA214, DATA201, DATA207, DATA208, DATA205"
steven.nelson@myscu.edu,Steven,Nelson,"DATA202, DATA219, DATA214"
john.smith@myscu.edu,John,Smith,"DATA208, DATA215, DATA202, DATA219"
brandon.mcguire@myscu.edu,Brandon,Mcguire,"DATA212, DATA213, DATA202"
jesse.jordan@myscu.edu,Jesse,Jordan,"DATA202, DATA206, DATA201, DATA207, DATA211"
sherri.white@myscu.edu,Sherri,White,"DATA213, DATA218, DATA209, DATA203, DATA201"
samantha.rodriguez@myscu.edu,Samantha,Rodriguez,"DATA205, DATA218, DATA207, DATA203"
melanie.gray@myscu.edu,Melanie,Gray,"DATA202, DATA209, DATA204, DATA214"
david.frazier@myscu.edu,David,Frazier,"DATA200, DATA204"
molly.smith@myscu.edu,Molly,Smith,"DATA203, DATA208, DATA215, DATA202, DATA200"
brad.wright@myscu.edu,Brad,Wright,DATA211
patricia.schmitt@myscu.edu,Patricia,Schmitt,"DATA205, DATA219"
natalie.meyer@myscu.edu,Natalie,Meyer,"DATA216, DATA209, DATA219"
daniel.martinez@myscu.edu,Daniel,Martinez,"DATA211, DATA215, DATA204, DATA207"
melanie.fox@myscu.edu,Melanie,Fox,"DATA212, DATA218, DATA211"
donald.ortega@myscu.edu,Donald,Ortega,"DATA216, DATA207, DATA206, DATA203"
kenneth.baker@myscu.edu,Kenneth,Baker,"DATA211, DATA203, DATA212, DATA200"
teresa.norris@myscu.edu,Teresa,Norris,"DATA206, DATA211"
kathryn.simpson@myscu.edu,Kathryn,Simpson,"DATA219, DATA215, DATA202, DATA211"
katherine.williams@myscu.edu,Katherine,Williams,"DATA202, DATA205, DATA213"
lee.kelly@myscu.edu,Lee,Kelly,"DATA217, DATA204, DATA207, DATA214, DATA201"
shirley.silva@myscu.edu,Shirley,Silva,"DATA202, DATA200"
lisa.keller@myscu.edu,Lisa,Keller,"DATA204, DATA214, DATA218, DATA213, DATA216"
tammy.kirk@myscu.edu,Tammy,Kirk,"DATA207, DATA200, DATA219"
barry.hart@myscu.edu,Barry,Hart,"DATA209, DATA203, DATA208, DATA215"
mary.myers@myscu.edu,Mary,Myers,"DATA211, DATA201, DATA214, DATA203"
anna.martinez@myscu.edu,Anna,Martinez,"DATA210, DATA218, DATA211"
samantha.wiley@myscu.edu,Samantha,Wiley,"DATA211, DATA204, DATA209, DATA217"
vickie.kane@myscu.edu,Vickie,Kane,"DATA210, DATA200, DATA204, DATA202"
casey.santiago@myscu.edu,Casey,Santiago,"DATA215, DATA214, DATA208, DATA200, DATA218"
daniel.wang@myscu.edu,Daniel,Wang,"DATA218, DATA211"
emily.carpenter@myscu.edu,Emily,Carpenter,"DATA210, DATA219, DATA214, DATA211, DATA204"
richard.ewing@myscu.edu,Richard,Ewing,"DATA218, DATA217, DATA205, DATA219"
matthew.wood@myscu.edu,Matthew,Wood,"DATA208, DATA213, DATA212, DATA215"
john.taylor@myscu.edu,John,Taylor,"DATA211, DATA208, DATA206"
christopher.miller@myscu.edu,Christopher,Miller,"DATA218, DATA209, DATA210, DATA212"
stacey.anderson@myscu.edu,Stacey,Anderson,"DATA219, DATA213, DATA215, DATA217"
jessica.petersen@myscu.edu,Jessica,Petersen,"DATA213, DATA209, DATA219, DATA210"
michael.stokes@myscu.edu,Michael,Stokes,DATA219
victoria.bullock@myscu.edu,Victoria,Bullock,"DATA207, DATA211"
kevin.church@myscu.edu,Kevin,Church,"DATA207, DATA213"
cindy.singh@myscu.edu,Cindy,Singh,DATA205
beverly.terrell@myscu.edu,Beverly,Terrell,DATA206
tina.smith@myscu.edu,Tina,Smith,"DATA208, DATA217, DATA205"
scott.graham@myscu.edu,Scott,Graham,"DATA200, DATA212, DATA201"
cynthia.rowland@myscu.edu,Cynthia,Rowland,"DATA211, DATA202"
mark.moore@myscu.edu,Mark,Moore,"DATA207, DATA218"
kayla.johnson@myscu.edu,Kayla,Johnson,"DATA201, DATA209, DATA203, DATA219"
richard.logan@myscu.edu,Richard,Logan,"DATA204, DATA202"
jeffrey.cisneros@myscu.edu,Jeffrey,Cisneros,"DATA212, DATA205, DATA218, DATA216"
christy.case@myscu.edu,Christy,Case,"DATA212, DATA214, DATA201, DATA219"
adam.hodge@myscu.edu,Adam,Hodge,"DATA202, DATA201, DATA210, DATA204, DATA206"
tiffany.thomas@myscu.edu,Tiffany,Thomas,"DATA200, DATA205, DATA217"
shawn.preston@myscu.edu,Shawn,Preston,"DATA204, DATA215, DATA207, DATA212"
nicholas.jackson@myscu.edu,Nicholas,Jackson,DATA204
kyle.quinn@myscu.edu,Kyle,Quinn,"DATA218, DATA202"
jason.rodriguez@myscu.edu,Jason,Rodriguez,"DATA200, DATA205, DATA213, DATA202"
joel.morris@myscu.edu,Joel,Morris,"DATA205, DATA214, DATA213, DATA212"
megan.mccarty@myscu.edu,Megan,Mccarty,DATA208
matthew.phillips@myscu.edu,Matthew,Phillips,"DATA203, DATA209"
david.franklin@myscu.edu,David,Franklin,DATA214
adam.burns@myscu.edu,Adam,Burns,DATA204
amy.carpenter@myscu.edu,Amy,Carpenter,"DATA213, DATA216, DATA208, DATA200"
bradley.johnson@myscu.edu,Bradley,Johnson,"DATA215, DATA204, DATA201, DATA213"
michael.holloway@myscu.edu,Michael,Holloway,"DATA219, DATA201"
marissa.schwartz@myscu.edu,Marissa,Schwartz,"DATA201, DATA211, DATA213, DATA212, DATA208"
robert.collins@myscu.edu,Robert,Collins,"DATA206, DATA205"
megan.goodman@myscu.edu,Megan,Goodman,"DATA212, DATA216"
matthew.mcdonald@myscu.edu,Matthew,Mcdonald,"DATA210, DATA200, DATA218, DATA207"
kevin.avila@myscu.edu,Kevin,Avila,"DATA203, DATA205, DATA206"
ashley.martin@myscu.edu,Ashley,Martin,"DATA214, DATA207, DATA208"
douglas.lyons@myscu.edu,Douglas,Lyons,"DATA211, DATA219"
heather.stephens@myscu.edu,Heather,Stephens,DATA205
lisa.gonzalez@myscu.edu,Lisa,Gonzalez,"DATA219, DATA208, DATA216, DATA211, DATA209"
robert.johnson@myscu.edu,Robert,Johnson,"DATA204, DATA216"
jeffrey.burgess@myscu.edu,Jeffrey,Burgess,"DATA213, DATA217, DATA216, DATA201"
geoffrey.curry@myscu.edu,Geoffrey,Curry,"DATA204, DATA214"
catherine.colon@myscu.edu,Catherine,Colon,"DATA204, DATA212, DATA200"
donald.pennington@myscu.edu,Donald,Pennington,"DATA208, DATA214, DATA202"
sean.warner@myscu.edu,Sean,Warner,"DATA207, DATA212, DATA208, DATA203"
jeffrey.hernandez@myscu.edu,Jeffrey,Hernandez,"DATA210, DATA215, DATA214"
margaret.farrell@myscu.edu,Margaret,Farrell,"DATA210, DATA207, DATA209, DATA215"
sarah.brewer@myscu.edu,Sarah,Brewer,"DATA207, DATA208"
brian.lopez@myscu.edu,Brian,Lopez,"DATA207, DATA203, DATA215"
michelle.lopez@myscu.edu,Michelle,Lopez,"DATA210, DATA217"
joshua.weaver@myscu.edu,Joshua,Weaver,"DATA200, DATA218"
lauren.hawkins@myscu.edu,Lauren,Hawkins,"DATA204, DATA212, DATA207"
gary.kelly@myscu.edu,Gary,Kelly,"DATA219, DATA217, DATA212"
gary.burnett@myscu.edu,Gary,Burnett,"DATA203, DATA210, DATA212, DATA216, DATA219"
john.baker@myscu.edu,John,Baker,"DATA214, DATA210"
makayla.park@myscu.edu,Makayla,Park,"DATA206, DATA215, DATA207, DATA211, DATA217"
amanda.aguirre@myscu.edu,Amanda,Aguirre,"DATA205, DATA200, DATA215"
raymond.young@myscu.edu,Raymond,Young,"DATA203, DATA219, DATA217"
alan.price@myscu.edu,Alan,Price,"DATA216, DATA205, DATA215"
david.jones@myscu.edu,David,Jones,"DATA218, DATA219, DATA215"
deanna.walsh@myscu.edu,Deanna,Walsh,"DATA206, DATA202, DATA218, DATA214, DATA201"
ashley.hoffman@myscu.edu,Ashley,Hoffman,"DATA216, DATA219, DATA200, DATA205"
thomas.aguirre@myscu.edu,Thomas,Aguirre,"DATA207, DATA210, DATA218"
john.schwartz@myscu.edu,John,Schwartz,DATA203
jessica.glover@myscu.edu,Jessica,Glover,DATA200
kathleen.west@myscu.edu,Kathleen,West,DATA203
natalie.jimenez@myscu.edu,Natalie,Jimenez,"DATA217, DATA205, DATA203, DATA204"
meagan.savage@myscu.edu,Meagan,Savage,"DATA212, DATA216"
william.freeman@myscu.edu,William,Freeman,"DATA213, DATA214"
leslie.cohen@myscu.edu,Leslie,Cohen,"DATA206, DATA213"
nathan.porter@myscu.edu,Nathan,Porter,"DATA219, DATA205, DATA204, DATA202"
shelia.smith@myscu.edu,Shelia,Smith,"DATA209, DATA216, DATA214, DATA204"
joshua.johnston@myscu.edu,Joshua,Johnston,"DATA217, DATA209, DATA214, DATA215, DATA212"
hannah.jennings@myscu.edu,Hannah,Jennings,DATA209
jake.rojas@myscu.edu,Jake,Rojas,"DATA219, DATA205, DATA200, DATA207"
christopher.fox@myscu.edu,Christopher,Fox,"DATA218, DATA201"
sean.moore@myscu.edu,Sean,Moore,DATA202
edgar.carpenter@myscu.edu,Edgar,Carpenter,"DATA205, DATA203"
gregory.smith@myscu.edu,Gregory,Smith,DATA212
john.romero@myscu.edu,John,Romero,"DATA203, DATA215, DATA208"
shannon.adams@myscu.edu,Shannon,Adams,"DATA212, DATA219, DATA204"
logan.boyd@myscu.edu,Logan,Boyd,"DATA210, DATA202, DATA217, DATA212"
ronald.myers@myscu.edu,Ronald,Myers,"DATA201, DATA205, DATA215"
matthew.morrow@myscu.edu,Matthew,Morrow,"DATA210, DATA200, DATA204"
sarah.simon@myscu.edu,Sarah,Simon,DATA201
jonathan.hall@myscu.edu,Jonathan,Hall,"DATA215, DATA209"
kimberly.melendez@myscu.edu,Kimberly,Melendez,"DATA206, DATA216, DATA212, DATA202, DATA203"
denise.butler@myscu.edu,Denise,Butler,"DATA215, DATA211"
william.graham@myscu.edu,William,Graham,"DATA214, DATA200"
ricardo.weber@myscu.edu,Ricardo,Weber,"DATA216, DATA212, DATA200, DATA206, DATA213"
jessica.perkins@myscu.edu,Jessica,Perkins,DATA201
steven.vasquez@myscu.edu,Steven,Vasquez,"DATA212, DATA208, DATA203, DATA211, DATA216"
rhonda.williams@myscu.edu,Rhonda,Williams,DATA215
mary.todd@myscu.edu,Mary,Todd,"DATA206, DATA216, DATA217, DATA219"
brent.stevens@myscu.edu,Brent,Stevens,"DATA207, DATA216"
gary.knight@myscu.edu,Gary,Knight,DATA215
richard.fowler@myscu.edu,Richard,Fowler,DATA218
veronica.newman@myscu.edu,Veronica,Newman,"DATA213, DATA210, DATA216, DATA202"
brenda.reed@myscu.edu,Brenda,Reed,"DATA209, DATA203, DATA206, DATA201"
jennifer.fisher@myscu.edu,Jennifer,Fisher,DATA208
julie.sheppard@myscu.edu,Julie,Sheppard,DATA200
melissa.kent@myscu.edu,Melissa,Kent,"DATA203, DATA212, DATA209"
julie.dickerson@myscu.edu,Julie,Dickerson,"DATA213, DATA214"
michael.flores@myscu.edu,Michael,Flores,"DATA219, DATA210, DATA207, DATA217"
mark.haynes@myscu.edu,Mark,Haynes,DATA213
david.perez@myscu.edu,David,Perez,"DATA200, DATA219"
laura.morris@myscu.edu,Laura,Morris,"DATA210, DATA204"
jodi.harrell@myscu.edu,Jodi,Harrell,"DATA205, DATA203, DATA215"
martha.brady@myscu.edu,Martha,Brady,"DATA204, DATA219, DATA202, DATA205"
martha.woods@myscu.edu,Martha,Woods,"DATA213, DATA219, DATA211, DATA206"
john.alexander@myscu.edu,John,Alexander,DATA215
rodney.booker@myscu.edu,Rodney,Booker,"DATA219, DATA208, DATA203, DATA210"
robert.brooks@myscu.edu,Robert,Brooks,"DATA202, DATA206, DATA217, DATA200, DATA211"
megan.chan@myscu.edu,Megan,Chan,DATA203
robert.todd@myscu.edu,Robert,Todd,"DATA208, DATA213, DATA209, DATA206, DATA219"
victor.taylor@myscu.edu,Victor,Taylor,DATA210
todd.andrade@myscu.edu,Todd,Andrade,"DATA218, DATA204"
melissa.harrison@myscu.edu,Melissa,Harrison,"DATA205, DATA216, DATA203"
ann.turner@myscu.edu,Ann,Turner,"DATA200, DATA208"
monica.campbell@myscu.edu,Monica,Campbell,"DATA204, DATA214, DATA217, DATA200"
emily.hill@myscu.edu,Emily,Hill,"DATA201, DATA204"
christina.calderon@myscu.edu,Christina,Calderon,"DATA207, DATA211, DATA214, DATA200"
donald.stokes@myscu.edu,Donald,Stokes,"DATA209, DATA214, DATA203, DATA205"
david.dixon@myscu.edu,David,Dixon,"DATA202, DATA200, DATA206"
cassandra.fischer@myscu.edu,Cassandra,Fischer,"DATA212, DATA207, DATA204, DATA213"
joseph.smith@myscu.edu,Joseph,Smith,DATA213
susan.hernandez@myscu.edu,Susan,Hernandez,"DATA201, DATA219, DATA210"
amanda.rivera@myscu.edu,Amanda,Rivera,"DATA212, DATA210, DATA201"
robert.carroll@myscu.edu,Robert,Carroll,"DATA213, DATA207, DATA204, DATA216, DATA211"
cassandra.wheeler@myscu.edu,Cassandra,Wheeler,"DATA215, DATA206"
melissa.miller@myscu.edu,Melissa,Miller,DATA206
rebecca.king@myscu.edu,Rebecca,King,"DATA219, DATA213, DATA208, DATA218"
jonathan.anderson@myscu.edu,Jonathan,Anderson,"DATA206, DATA215, DATA219"
chad.cox@myscu.edu,Chad,Cox,"DATA211, DATA205, DATA218, DATA210"
keith.moore@myscu.edu,Keith,Moore,"DATA213, DATA200, DATA214, DATA212, DATA208"
tyler.king@myscu.edu,Tyler,King,"DATA210, DATA213, DATA209, DATA202, DATA212"
james.douglas@myscu.edu,James,Douglas,"DATA212, DATA206"
steven.guzman@myscu.edu,Steven,Guzman,DATA203
alexis.bruce@myscu.edu,Alexis,Bruce,"DATA205, DATA202"
erica.dillon@myscu.edu,Erica,Dillon,"DATA210, DATA211, DATA206"
joseph.scott@myscu.edu,Joseph,Scott,DATA212
timothy.swanson@myscu.edu,Timothy,Swanson,"DATA212, DATA219, DATA209, DATA218, DATA216"
carolyn.davis@myscu.edu,Carolyn,Davis,"DATA209, DATA211, DATA203"
russell.ortiz@myscu.edu,Russell,Ortiz,"DATA216, DATA201"
michael.hill@myscu.edu,Michael,Hill,"DATA202, DATA215, DATA204, DATA200, DATA201"
martin.jenkins@myscu.edu,Martin,Jenkins,"DATA200, DATA218"
susan.jones@myscu.edu,Susan,Jones,"DATA206, DATA211"
gregory.taylor@myscu.edu,Gregory,Taylor,"DATA217, DATA212, DATA207, DATA216"
michelle.ruiz@myscu.edu,Michelle,Ruiz,"DATA203, DATA216"
jerry.stewart@myscu.edu,Jerry,Stewart,"DATA210, DATA204, DATA207"
jason.allen@myscu.edu,Jason,Allen,"DATA214, DATA211, DATA203, DATA205"
lawrence.blake@myscu.edu,Lawrence,Blake,"DATA216, DATA201, DATA210"
brandon.fisher@myscu.edu,Brandon,Fisher,"DATA210, DATA201"
john.johnson@myscu.edu,John,Johnson,"DATA208, DATA216, DATA215, DATA200"
pamela.mosley@myscu.edu,Pamela,Mosley,DATA200
katherine.robinson@myscu.edu,Katherine,Robinson,"DATA215, DATA210"
larry.pittman@myscu.edu,Larry,Pittman,"DATA210, DATA213, DATA214, DATA216"
bobby.campos@myscu.edu,Bobby,Campos,"DATA215, DATA206, DATA208"
cameron.martin@myscu.edu,Cameron,Martin,"DATA205, DATA213, DATA203, DATA207"
sonia.alvarado@myscu.edu,Sonia,Alvarado,"DATA200, DATA215, DATA205"
ryan.pacheco@myscu.edu,Ryan,Pacheco,"DATA207, DATA218, DATA214, DATA219"
ryan.weber@myscu.edu,Ryan,Weber,"DATA200, DATA211, DATA210"
julie.murphy@myscu.edu,Julie,Murphy,"DATA210, DATA211, DATA201, DATA205, DATA203"
charles.savage@myscu.edu,Charles,Savage,DATA205
trevor.estrada@myscu.edu,Trevor,Estrada,"DATA200, DATA208, DATA212, DATA205, DATA214"
heather.stout@myscu.edu,Heather,Stout,"DATA207, DATA200, DATA219"
christopher.levy@myscu.edu,Christopher,Levy,"DATA219, DATA213, DATA205"
katie.ramirez@myscu.edu,Katie,Ramirez,DATA213
jeffrey.cohen@myscu.edu,Jeffrey,Cohen,"DATA202, DATA201, DATA209, DATA203"
justin.cameron@myscu.edu,Justin,Cameron,"DATA215, DATA213, DATA209, DATA202"
joanna.gonzales@myscu.edu,Joanna,Gonzales,DATA212
elizabeth.mckinney@myscu.edu,Elizabeth,Mckinney,DATA210
julian.thomas@myscu.edu,Julian,Thomas,DATA219
isaac.mcmillan@myscu.edu,Isaac,Mcmillan,"DATA212, DATA200, DATA210, DATA213"
susan.klein@myscu.edu,Susan,Klein,"DATA218, DATA211, DATA219"
sandra.park@myscu.edu,Sandra,Park,DATA202
jennifer.lewis@myscu.edu,Jennifer,Lewis,"DATA210, DATA208, DATA203, DATA211"
beth.petersen@myscu.edu,Beth,Petersen,"DATA202, DATA219, DATA215, DATA204, DATA205"
lisa.clark@myscu.edu,Lisa,Clark,"DATA207, DATA205"
jessica.morris@myscu.edu,Jessica,Morris,DATA215
robert.powell@myscu.edu,Robert,Powell,DATA208
eric.sullivan@myscu.edu,Eric,Sullivan,"DATA218, DATA200"
travis.rivera@myscu.edu,Travis,Rivera,"DATA213, DATA219, DATA200"
emily.thompson@myscu.edu,Emily,Thompson,"DATA212, DATA219, DATA213, DATA209, DATA217"
david.benjamin@myscu.edu,David,Benjamin,"DATA200, DATA217"
jared.gomez@myscu.edu,Jared,Gomez,DATA218
zachary.gonzalez@myscu.edu,Zachary,Gonzalez,"DATA203, DATA215, DATA213, DATA204"
jamie.james@myscu.edu,Jamie,James,"DATA208, DATA213, DATA204"
david.hurst@myscu.edu,David,Hurst,DATA217
carolyn.gray@myscu.edu,Carolyn,Gray,"DATA218, DATA213, DATA206, DATA216, DATA200"
randy.crosby@myscu.edu,Randy,Crosby,"DATA206, DATA204, DATA202, DATA208, DATA211"
robert.henry@myscu.edu,Robert,Henry,"DATA213, DATA202, DATA215"
amber.miller@myscu.edu,Amber,Miller,"DATA216, DATA202"
barbara.freeman@myscu.edu,Barbara,Freeman,DATA213
sheri.smith@myscu.edu,Sheri,Smith,"DATA211, DATA202, DATA203, DATA200, DATA205"
mario.jones@myscu.edu,Mario,Jones,"DATA212, DATA208"
william.brooks@myscu.edu,William,Brooks,"DATA209, DATA202, DATA200, DATA208, DATA215"
susan.small@myscu.edu,Susan,Small,"DATA203, DATA208"
katherine.richmond@myscu.edu,Katherine,Richmond,"DATA201, DATA217, DATA209, DATA208, DATA207"
eric.romero@myscu.edu,Eric,Romero,DATA203
sharon.dillon@myscu.edu,Sharon,Dillon,DATA219
john.garner@myscu.edu,John,Garner,"DATA209, DATA212, DATA202"
corey.barrett@myscu.edu,Corey,Barrett,"DATA204, DATA215"
jillian.wiley@myscu.edu,Jillian,Wiley,"DATA207, DATA214, DATA202, DATA201, DATA213"
jamie.richards@myscu.edu,Jamie,Richards,"DATA212, DATA209"
jessica.floyd@myscu.edu,Jessica,Floyd,"DATA207, DATA218"
rachel.ibarra@myscu.edu,Rachel,Ibarra,"DATA216, DATA204"
kayla.cooke@myscu.edu,Kayla,Cooke,"DATA218, DATA219, DATA211, DATA205"
angela.miller@myscu.edu,Angela,Miller,"DATA201, DATA207"
joshua.marquez@myscu.edu,Joshua,Marquez,"DATA214, DATA200"
david.burnett@myscu.edu,David,Burnett,"DATA202, DATA213, DATA208"
daniel.hudson@myscu.edu,Daniel,Hudson,"DATA203, DATA216, DATA206"
courtney.peters@myscu.edu,Courtney,Peters,"DATA203, DATA200"
jessica.murphy@myscu.edu,Jessica,Murphy,"DATA209, DATA201"
david.perez@myscu.edu,David,Perez,"DATA208, DATA209, DATA207, DATA206"
oscar.alvarez@myscu.edu,Oscar,Alvarez,"DATA207, DATA211, DATA217"
christine.hines@myscu.edu,Christine,Hines,"DATA209, DATA217, DATA216, DATA212, DATA213"
cynthia.clayton@myscu.edu,Cynthia,Clayton,"DATA218, DATA200"
jeffrey.miller@myscu.edu,Jeffrey,Miller,"DATA206, DATA207"
joseph.randall@myscu.edu,Joseph,Randall,"DATA210, DATA200, DATA207, DATA201, DATA209"
elizabeth.carter@myscu.edu,Elizabeth,Carter,"DATA219, DATA210, DATA200, DATA212, DATA214"
collin.boyd@myscu.edu,Collin,Boyd,"DATA218, DATA205, DATA206"
kevin.brown@myscu.edu,Kevin,Brown,"DATA209, DATA218"
tammy.mendoza@myscu.edu,Tammy,Mendoza,"DATA217, DATA218"
michelle.colon@myscu.edu,Michelle,Colon,"DATA207, DATA216, DATA206, DATA200"
